Workbook
Name DT_KR: [2]DT_KR!$B$4:$V$1168
Name Judul_Absensi_Karyawan: [3]Januari!$B$1
Name Judul1: [3]!Januari[[#Headers],[Nama Karyawan]]
Name Judul10: [3]!Oktober[[#Headers],[Nama Karyawan]]
Name Judul11: [3]!November[[#Headers],[Nama Karyawan]]
Name Judul12: [3]!Desember[[#Headers],[Nama Karyawan]]
Name Judul2: [3]!Februari[[#Headers],[Nama Karyawan]]
Name Judul3: [3]!Maret[[#Headers],[Nama Karyawan]]
Name Judul4: [3]!April[[#Headers],[Nama Karyawan]]
Name Judul5: [3]!Mei[[#Headers],[Nama Karyawan]]
Name Judul6: [3]!Juni[[#Headers],[Nama Karyawan]]
Name Judul7: [3]!Juli[[#Headers],[Nama Karyawan]]
Name Judul8: [3]!Agustus[[#Headers],[Nama Karyawan]]
Name Judul9: [3]!September[[#Headers],[Nama Karyawan]]
Name JudulKolom13: #REF!
Name JudulKolom13: #REF!
Name JudulKolom13: #REF!
Name JudulKolom13: #REF!
Name JudulKolom13: #REF!
Name JudulKolom13: #REF!
Name JudulKolom13: #REF!
Name JudulKolom13: #REF!
Name JudulKolom13: #REF!
Name Kustomkunci1: [3]Januari!$O$2
Name KustomKunci2: [3]Januari!$S$2
Name LiburanKunci: [3]Januari!$D$2
Name PribadiKunci: [3]Januari!$H$2
Name SakitKunci: [3]Januari!$L$2
Name TahunKalender: [3]Januari!$AI$4

Sheet PELANGI 02
B1: LOKASI | D1: PELANGI 02 | H1: TYPE | J1: 50
B4: No. | C4: URAIAN PEKERJAAN | D4: BAHAN | F4: HARGA BAHAN | G4: TOTAL HARGA | H4: UPAH | I4: BORONGAN | J4: UNTUNG/RUGI | K4: PROGRES
D5: BAKU | E5: OUT | F5: ( Rp ) | G5: ( Rp )
B6: A | C6: PONDASI
B7: 1 | C7: Besi ø6 | D7: =IFERROR(HLOOKUP($J$1,[1]DB!$C$1:$K$172,7,FALSE),"") -> 12 | E7: =SUMIFS('[1]Rincian Keluar'!$G:$G,'[1]Rincian Keluar'!$E:$E,'PELANGI 02'!C7,'[1]Rincian Keluar'!$D:$D,'PELANGI 02'!$D$1,'[1]Rincian Keluar'!$H:$H,'PELANGI 02'!$J$1,'[1]Rincian Keluar'!$F:$F,'PELANGI 02'!M7) -> 12 | F7: 21500 | G7: =E7*F7 -> 258000 | H7: 2000000 | I7: =IFERROR(VLOOKUP($C6,[1]HK!$B$5:$C$14,2,FALSE),"")*$J1 -> 2085000 | J7: =I7-H7 -> 85000 | K7: 1 | M7: =$C$6 -> PONDASI
B8: 2 | C8: Besi ø8 Ulir | D8: =IFERROR(HLOOKUP($J$1,[1]DB!$C$1:$K$172,8,FALSE),"") -> 41 | E8: =SUMIFS('[1]Rincian Keluar'!$G:$G,'[1]Rincian Keluar'!$E:$E,'PELANGI 02'!C8,'[1]Rincian Keluar'!$D:$D,'PELANGI 02'!$D$1,'[1]Rincian Keluar'!$H:$H,'PELANGI 02'!$J$1,'[1]Rincian Keluar'!$F:$F,'PELANGI 02'!M8) -> 41 | F8: 49000 | G8: =E8*F8 -> 2009000 | M8: =$C$6 -> PONDASI
B9: 3 | C9: Kayu 3/5 | D9: =IFERROR(HLOOKUP($J$1,[1]DB!$C$1:$K$172,9,FALSE),"") -> 35 | E9: =SUMIFS('[1]Rincian Keluar'!$G:$G,'[1]Rincian Keluar'!$E:$E,'PELANGI 02'!C9,'[1]Rincian Keluar'!$D:$D,'PELANGI 02'!$D$1,'[1]Rincian Keluar'!$H:$H,'PELANGI 02'!$J$1,'[1]Rincian Keluar'!$F:$F,'PELANGI 02'!M9) -> 35 | F9: 11000 | G9: =E9*F9 -> 385000 | M9: =$C$6 -> PONDASI
B10: 4 | C10: Cerucuk | D10: =IFERROR(HLOOKUP($J$1,[1]DB!$C$1:$K$172,10,FALSE),"") -> 74 | E10: =SUMIFS('[1]Rincian Keluar'!$G:$G,'[1]Rincian Keluar'!$E:$E,'PELANGI 02'!C10,'[1]Rincian Keluar'!$D:$D,'PELANGI 02'!$D$1,'[1]Rincian Keluar'!$H:$H,'PELANGI 02'!$J$1,'[1]Rincian Keluar'!$F:$F,'PELANGI 02'!M10) -> 75 | F10: 8000 | G10: =E10*F10 -> 600000 | M10: =$C$6 -> PONDASI
B11: 5 | C11: Papan Mal | D11: =IFERROR(HLOOKUP($J$1,[1]DB!$C$1:$K$172,11,FALSE),"") -> 164 | E11: =SUMIFS('[1]Rincian Keluar'!$G:$G,'[1]Rincian Keluar'!$E:$E,'PELANGI 02'!C11,'[1]Rincian Keluar'!$D:$D,'PELANGI 02'!$D$1,'[1]Rincian Keluar'!$H:$H,'PELANGI 02'!$J$1,'[1]Rincian Keluar'!$F:$F,'PELANGI 02'!M11) -> 23 | F11: 11000 | G11: =E11*F11 -> 253000 | M11: =$C$6 -> PONDASI
B12: 6 | C12: Pasir | D12: =IFERROR(HLOOKUP($J$1,[1]DB!$C$1:$K$172,12,FALSE),"") -> 13 | E12: =SUMIFS('[1]Rincian Keluar'!$G:$G,'[1]Rincian Keluar'!$E:$E,'PELANGI 02'!C12,'[1]Rincian Keluar'!$D:$D,'PELANGI 02'!$D$1,'[1]Rincian Keluar'!$H:$H,'PELANGI 02'!$J$1,'[1]Rincian Keluar'!$F:$F,'PELANGI 02'!M12) -> 0 | F12: 150000 | G12: =E12*F12 -> 0 | M12: =$C$6 -> PONDASI
B13: 7 | C13: Batu | D13: =IFERROR(HLOOKUP($J$1,[1]DB!$C$1:$K$172,13,FALSE),"") -> 2 | E13: =SUMIFS('[1]Rincian Keluar'!$G:$G,'[1]Rincian Keluar'!$E:$E,'PELANGI 02'!C13,'[1]Rincian Keluar'!$D:$D,'PELANGI 02'!$D$1,'[1]Rincian Keluar'!$H:$H,'PELANGI 02'!$J$1,'[1]Rincian Keluar'!$F:$F,'PELANGI 02'!M13) -> 2 | F13: 500000 | G13: =E13*F13 -> 1000000 | M13: =$C$6 -> PONDASI
B14: 8 | C14: Semen PCC 40 Kg Tiga Roda | D14: =IFERROR(HLOOKUP($J$1,[1]DB!$C$1:$K$172,14,FALSE),"") -> 38 | E14: =SUMIFS('[1]Rincian Keluar'!$G:$G,'[1]Rincian Keluar'!$E:$E,'PELANGI 02'!C14,'[1]Rincian Keluar'!$D:$D,'PELANGI 02'!$D$1,'[1]Rincian Keluar'!$H:$H,'PELANGI 02'!$J$1,'[1]Rincian Keluar'!$F:$F,'PELANGI 02'!M14) -> 42 | F14: 60700 | G14: =E14*F14 -> 2549400 | M14: =$C$6 -> PONDASI
B15: B | C15: URUG
B16: 1 | C16: Pasir | D16: =IFERROR(HLOOKUP($J$1,[1]DB!$C$1:$K$172,16,FALSE),"") -> 32 | E16: =SUMIFS('[1]Rincian Keluar'!$G:$G,'[1]Rincian Keluar'!$E:$E,'PELANGI 02'!C16,'[1]Rincian Keluar'!$D:$D,'PELANGI 02'!$D$1,'[1]Rincian Keluar'!$H:$H,'PELANGI 02'!$J$1,'[1]Rincian Keluar'!$F:$F,'PELANGI 02'!M16) -> 14 | F16: 150000 | G16: =E16*F16 -> 2100000 | H16: 819000 | I16: =IFERROR(VLOOKUP($C15,[1]HK!$B$5:$C$14,2,FALSE),"")*$J1 -> 835000 | J16: =I16-H16 -> 16000 | K16: 1 | M16: =$C$15 -> URUG
B17: 2 | C17: Pipa 4" | D17: =IFERROR(HLOOKUP($J$1,[1]DB!$C$1:$K$172,17,FALSE),"") -> 2 | E17: =SUMIFS('[1]Rincian Keluar'!$G:$G,'[1]Rincian Keluar'!$E:$E,'PELANGI 02'!C17,'[1]Rincian Keluar'!$D:$D,'PELANGI 02'!$D$1,'[1]Rincian Keluar'!$H:$H,'PELANGI 02'!$J$1,'[1]Rincian Keluar'!$F:$F,'PELANGI 02'!M17) -> 2 | F17: 133500 | G17: =E17*F17 -> 267000 | M17: =$C$15 -> URUG
B18: 3 | C18: Pipa 2" | D18: =IFERROR(HLOOKUP($J$1,[1]DB!$C$1:$K$172,18,FALSE),"") -> 2 | E18: =SUMIFS('[1]Rincian Keluar'!$G:$G,'[1]Rincian Keluar'!$E:$E,'PELANGI 02'!C18,'[1]Rincian Keluar'!$D:$D,'PELANGI 02'!$D$1,'[1]Rincian Keluar'!$H:$H,'PELANGI 02'!$J$1,'[1]Rincian Keluar'!$F:$F,'PELANGI 02'!M18) -> 2 | F18: 48000 | G18: =E18*F18 -> 96000 | M18: =$C$15 -> URUG
B19: C | C19: COR LANTAI
B20: 1 | C20: Besi ø6 | D20: =IFERROR(HLOOKUP($J$1,[1]DB!$C$1:$K$172,20,FALSE),"") -> 15 | E20: =SUMIFS('[1]Rincian Keluar'!$G:$G,'[1]Rincian Keluar'!$E:$E,'PELANGI 02'!C20,'[1]Rincian Keluar'!$D:$D,'PELANGI 02'!$D$1,'[1]Rincian Keluar'!$H:$H,'PELANGI 02'!$J$1,'[1]Rincian Keluar'!$F:$F,'PELANGI 02'!M20) -> 15 | F20: 22000 | G20: =E20*F20 -> 330000 | H20: 504000 | I20: =IFERROR(VLOOKUP($C19,[1]HK!$B$5:$C$14,2,FALSE),"")*$J1 -> 500000 | J20: =I20-H20 -> -4000 | K20: 1 | M20: =$C$19 -> COR LANTAI
B21: 2 | C21: Pasir | D21: =IFERROR(HLOOKUP($J$1,[1]DB!$C$1:$K$172,21,FALSE),"") -> 5 | E21: =SUMIFS('[1]Rincian Keluar'!$G:$G,'[1]Rincian Keluar'!$E:$E,'PELANGI 02'!C21,'[1]Rincian Keluar'!$D:$D,'PELANGI 02'!$D$1,'[1]Rincian Keluar'!$H:$H,'PELANGI 02'!$J$1,'[1]Rincian Keluar'!$F:$F,'PELANGI 02'!M21) -> 2 | F21: 150000 | G21: =E21*F21 -> 300000 | M21: =$C$19 -> COR LANTAI
B22: 3 | C22: Semen PCC 40 Kg Tiga Roda | D22: =IFERROR(HLOOKUP($J$1,[1]DB!$C$1:$K$172,22,FALSE),"") -> 14 | E22: =SUMIFS('[1]Rincian Keluar'!$G:$G,'[1]Rincian Keluar'!$E:$E,'PELANGI 02'!C22,'[1]Rincian Keluar'!$D:$D,'PELANGI 02'!$D$1,'[1]Rincian Keluar'!$H:$H,'PELANGI 02'!$J$1,'[1]Rincian Keluar'!$F:$F,'PELANGI 02'!M22) -> 9 | F22: 60700 | G22: =E22*F22 -> 546300 | M22: =$C$19 -> COR LANTAI
B23: 4 | C23: Plastik cor | D23: =IFERROR(HLOOKUP($J$1,[1]DB!$C$1:$K$172,23,FALSE),"") -> 6 | E23: =SUMIFS('[1]Rincian Keluar'!$G:$G,'[1]Rincian Keluar'!$E:$E,'PELANGI 02'!C23,'[1]Rincian Keluar'!$D:$D,'PELANGI 02'!$D$1,'[1]Rincian Keluar'!$H:$H,'PELANGI 02'!$J$1,'[1]Rincian Keluar'!$F:$F,'PELANGI 02'!M23) -> 6 | F23: 15000 | G23: =E23*F23 -> 90000 | M23: =$C$19 -> COR LANTAI
B24: D | C24: PINTU
B25: 1 | C25: Pintu Kayu 120 x 220 | D25: =IFERROR(HLOOKUP($J$1,[1]DB!$C$1:$K$172,25,FALSE),"") -> 1 | E25: =SUMIFS('[1]Rincian Keluar'!$G:$G,'[1]Rincian Keluar'!$E:$E,'PELANGI 02'!C25,'[1]Rincian Keluar'!$D:$D,'PELANGI 02'!$D$1,'[1]Rincian Keluar'!$H:$H,'PELANGI 02'!$J$1,'[1]Rincian Keluar'!$F:$F,'PELANGI 02'!M25) -> 0 | F25: 1550000 | G25: =E25*F25 -> 0 | I25: =IFERROR(VLOOKUP($C24,[1]HK!$B$5:$C$14,2,FALSE),"")*$J1 -> #VALUE! | M25: =$C$24 -> PINTU
B26: 2 | C26: Pintu Kayu 80 x 220 | D26: =IFERROR(HLOOKUP($J$1,[1]DB!$C$1:$K$172,26,FALSE),"") -> 3 | E26: =SUMIFS('[1]Rincian Keluar'!$G:$G,'[1]Rincian Keluar'!$E:$E,'PELANGI 02'!C26,'[1]Rincian Keluar'!$D:$D,'PELANGI 02'!$D$1,'[1]Rincian Keluar'!$H:$H,'PELANGI 02'!$J$1,'[1]Rincian Keluar'!$F:$F,'PELANGI 02'!M26) -> 0 | F26: 775000 | G26: =E26*F26 -> 0 | M26: =$C$24 -> PINTU
B27: 3 | C27: Pintu WC PVC Biru | D27: =IFERROR(HLOOKUP($J$1,[1]DB!$C$1:$K$172,27,FALSE),"") -> 2 | E27: =SUMIFS('[1]Rincian Keluar'!$G:$G,'[1]Rincian Keluar'!$E:$E,'PELANGI 02'!C27,'[1]Rincian Keluar'!$D:$D,'PELANGI 02'!$D$1,'[1]Rincian Keluar'!$H:$H,'PELANGI 02'!$J$1,'[1]Rincian Keluar'!$F:$F,'PELANGI 02'!M27) -> 0 | F27: 260000 | G27: =E27*F27 -> 0 | M27: =$C$24 -> PINTU
B28: 4 | C28: Pintu WC Edenjoice Putih | D28: =IFERROR(HLOOKUP($J$1,[1]DB!$C$1:$K$172,28,FALSE),"") -> 1 | E28: =SUMIFS('[1]Rincian Keluar'!$G:$G,'[1]Rincian Keluar'!$E:$E,'PELANGI 02'!C28,'[1]Rincian Keluar'!$D:$D,'PELANGI 02'!$D$1,'[1]Rincian Keluar'!$H:$H,'PELANGI 02'!$J$1,'[1]Rincian Keluar'!$F:$F,'PELANGI 02'!M28) -> 0 | F28: 799000 | G28: =E28*F28 -> 0 | M28: =$C$24 -> PINTU
B29: 5 | C29: Engsel Pintu 4" | D29: =IFERROR(HLOOKUP($J$1,[1]DB!$C$1:$K$172,29,FALSE),"") -> 15 | E29: =SUMIFS('[1]Rincian Keluar'!$G:$G,'[1]Rincian Keluar'!$E:$E,'PELANGI 02'!C29,'[1]Rincian Keluar'!$D:$D,'PELANGI 02'!$D$1,'[1]Rincian Keluar'!$H:$H,'PELANGI 02'!$J$1,'[1]Rincian Keluar'!$F:$F,'PELANGI 02'!M29) -> 0 | F29: 15000 | G29: =E29*F29 -> 0 | M29: =$C$24 -> PINTU
B30: 6 | C30: Peganggan pintu 2 daun | D30: =IFERROR(HLOOKUP($J$1,[1]DB!$C$1:$K$172,30,FALSE),"") -> 2 | E30: =SUMIFS('[1]Rincian Keluar'!$G:$G,'[1]Rincian Keluar'!$E:$E,'PELANGI 02'!C30,'[1]Rincian Keluar'!$D:$D,'PELANGI 02'!$D$1,'[1]Rincian Keluar'!$H:$H,'PELANGI 02'!$J$1,'[1]Rincian Keluar'!$F:$F,'PELANGI 02'!M30) -> 0 | F30: 100000 | G30: =E30*F30 -> 0 | M30: =$C$24 -> PINTU
B31: 7 | C31: Pengunci Pintu 2 daun | D31: =IFERROR(HLOOKUP($J$1,[1]DB!$C$1:$K$172,31,FALSE),"") -> 1 | E31: =SUMIFS('[1]Rincian Keluar'!$G:$G,'[1]Rincian Keluar'!$E:$E,'PELANGI 02'!C31,'[1]Rincian Keluar'!$D:$D,'PELANGI 02'!$D$1,'[1]Rincian Keluar'!$H:$H,'PELANGI 02'!$J$1,'[1]Rincian Keluar'!$F:$F,'PELANGI 02'!M31) -> 0 | F31: 60000 | G31: =E31*F31 -> 0 | M31: =$C$24 -> PINTU
B32: 8 | C32: Pegangan kunci 1 daun | D32: =IFERROR(HLOOKUP($J$1,[1]DB!$C$1:$K$172,32,FALSE),"") -> 3 | E32: =SUMIFS('[1]Rincian Keluar'!$G:$G,'[1]Rincian Keluar'!$E:$E,'PELANGI 02'!C32,'[1]Rincian Keluar'!$D:$D,'PELANGI 02'!$D$1,'[1]Rincian Keluar'!$H:$H,'PELANGI 02'!$J$1,'[1]Rincian Keluar'!$F:$F,'PELANGI 02'!M32) -> 0 | F32: 65000 | G32: =E32*F32 -> 0 | M32: =$C$24 -> PINTU
B33: 9 | C33: Avian | D33: =IFERROR(HLOOKUP($J$1,[1]DB!$C$1:$K$172,33,FALSE),"") -> 4 | E33: =SUMIFS('[1]Rincian Keluar'!$G:$G,'[1]Rincian Keluar'!$E:$E,'PELANGI 02'!C33,'[1]Rincian Keluar'!$D:$D,'PELANGI 02'!$D$1,'[1]Rincian Keluar'!$H:$H,'PELANGI 02'!$J$1,'[1]Rincian Keluar'!$F:$F,'PELANGI 02'!M33) -> 0 | F33: 83000 | G33: =E33*F33 -> 0 | M33: =$C$24 -> PINTU
B34: 10 | C34: Tinner Nb Kaleng | D34: =IFERROR(HLOOKUP($J$1,[1]DB!$C$1:$K$172,34,FALSE),"") -> 2 | E34: =SUMIFS('[1]Rincian Keluar'!$G:$G,'[1]Rincian Keluar'!$E:$E,'PELANGI 02'!C34,'[1]Rincian Keluar'!$D:$D,'PELANGI 02'!$D$1,'[1]Rincian Keluar'!$H:$H,'PELANGI 02'!$J$1,'[1]Rincian Keluar'!$F:$F,'PELANGI 02'!M34) -> 0 | F34: 23000 | G34: =E34*F34 -> 0 | M34: =$C$24 -> PINTU
B35: 11 | C35: Slot 6 " | D35: =IFERROR(HLOOKUP($J$1,[1]DB!$C$1:$K$172,35,FALSE),"") -> 1 | E35: =SUMIFS('[1]Rincian Keluar'!$G:$G,'[1]Rincian Keluar'!$E:$E,'PELANGI 02'!C35,'[1]Rincian Keluar'!$D:$D,'PELANGI 02'!$D$1,'[1]Rincian Keluar'!$H:$H,'PELANGI 02'!$J$1,'[1]Rincian Keluar'!$F:$F,'PELANGI 02'!M35) -> 0 | F35: 17000 | G35: =E35*F35 -> 0 | M35: =$C$24 -> PINTU
B36: 12 | C36: Slot 4" | D36: =IFERROR(HLOOKUP($J$1,[1]DB!$C$1:$K$172,36,FALSE),"") -> 1 | E36: =SUMIFS('[1]Rincian Keluar'!$G:$G,'[1]Rincian Keluar'!$E:$E,'PELANGI 02'!C36,'[1]Rincian Keluar'!$D:$D,'PELANGI 02'!$D$1,'[1]Rincian Keluar'!$H:$H,'PELANGI 02'!$J$1,'[1]Rincian Keluar'!$F:$F,'PELANGI 02'!M36) -> 0 | F36: 11000 | G36: =E36*F36 -> 0 | M36: =$C$24 -> PINTU
B37: E | C37: BATA
B38: 1 | C38: Papan | D38: =IFERROR(HLOOKUP($J$1,[1]DB!$C$1:$K$172,38,FALSE),"") -> 24 | E38: =SUMIFS('[1]Rincian Keluar'!$G:$G,'[1]Rincian Keluar'!$E:$E,'PELANGI 02'!C38,'[1]Rincian Keluar'!$D:$D,'PELANGI 02'!$D$1,'[1]Rincian Keluar'!$H:$H,'PELANGI 02'!$J$1,'[1]Rincian Keluar'!$F:$F,'PELANGI 02'!M38) -> 34 | F38: 11000 | G38: =E38*F38 -> 374000 | H38: 720000 | I38: =IFERROR(VLOOKUP($C37,[1]HK!$B$5:$C$14,2,FALSE),"")*$J1 -> 3475000 | J38: =I38-H38 -> 2755000 | K38: 0.2 | M38: =$C$37 -> BATA
B39: 2 | C39: Kayu 3/5 | D39: =IFERROR(HLOOKUP($J$1,[1]DB!$C$1:$K$172,39,FALSE),"") -> 25 | E39: =SUMIFS('[1]Rincian Keluar'!$G:$G,'[1]Rincian Keluar'!$E:$E,'PELANGI 02'!C39,'[1]Rincian Keluar'!$D:$D,'PELANGI 02'!$D$1,'[1]Rincian Keluar'!$H:$H,'PELANGI 02'!$J$1,'[1]Rincian Keluar'!$F:$F,'PELANGI 02'!M39) -> 36 | F39: 11000 | G39: =E39*F39 -> 396000 | M39: =$C$37 -> BATA
B40: 3 | C40: Besi ø6 | D40: =IFERROR(HLOOKUP($J$1,[1]DB!$C$1:$K$172,40,FALSE),"") -> 5 | E40: =SUMIFS('[1]Rincian Keluar'!$G:$G,'[1]Rincian Keluar'!$E:$E,'PELANGI 02'!C40,'[1]Rincian Keluar'!$D:$D,'PELANGI 02'!$D$1,'[1]Rincian Keluar'!$H:$H,'PELANGI 02'!$J$1,'[1]Rincian Keluar'!$F:$F,'PELANGI 02'!M40) -> 5 | F40: 22000 | G40: =E40*F40 -> 110000 | M40: =$C$37 -> BATA
B41: 4 | C41: Besi ø8 | D41: =IFERROR(HLOOKUP($J$1,[1]DB!$C$1:$K$172,41,FALSE),"") -> 8 | E41: =SUMIFS('[1]Rincian Keluar'!$G:$G,'[1]Rincian Keluar'!$E:$E,'PELANGI 02'!C41,'[1]Rincian Keluar'!$D:$D,'PELANGI 02'!$D$1,'[1]Rincian Keluar'!$H:$H,'PELANGI 02'!$J$1,'[1]Rincian Keluar'!$F:$F,'PELANGI 02'!M41) -> 8 | F41: 35000 | G41: =E41*F41 -> 280000 | M41: =$C$37 -> BATA
B42: 5 | C42: Besi ø6 | D42: =IFERROR(HLOOKUP($J$1,[1]DB!$C$1:$K$172,42,FALSE),"") -> 2 | E42: =SUMIFS('[1]Rincian Keluar'!$G:$G,'[1]Rincian Keluar'!$E:$E,'PELANGI 02'!C42,'[1]Rincian Keluar'!$D:$D,'PELANGI 02'!$D$1,'[1]Rincian Keluar'!$H:$H,'PELANGI 02'!$J$1,'[1]Rincian Keluar'!$F:$F,'PELANGI 02'!M42) -> 2 | F42: =F40 -> 22000 | G42: =E42*F42 -> 44000 | M42: =$C$37 -> BATA
B43: 6 | C43: Kusen Pintu ( 2 Daun ) | D43: =IFERROR(HLOOKUP($J$1,[1]DB!$C$1:$K$172,43,FALSE),"") -> 1 | E43: =SUMIFS('[1]Rincian Keluar'!$G:$G,'[1]Rincian Keluar'!$E:$E,'PELANGI 02'!C43,'[1]Rincian Keluar'!$D:$D,'PELANGI 02'!$D$1,'[1]Rincian Keluar'!$H:$H,'PELANGI 02'!$J$1,'[1]Rincian Keluar'!$F:$F,'PELANGI 02'!M43) -> 1 | F43: 363250 | G43: =E43*F43 -> 363250 | M43: =$C$37 -> BATA
B44: 7 | C44: Kusen Pintu ( 1 Daun ) | D44: =IFERROR(HLOOKUP($J$1,[1]DB!$C$1:$K$172,44,FALSE),"") -> 3 | E44: =SUMIFS('[1]Rincian Keluar'!$G:$G,'[1]Rincian Keluar'!$E:$E,'PELANGI 02'!C44,'[1]Rincian Keluar'!$D:$D,'PELANGI 02'!$D$1,'[1]Rincian Keluar'!$H:$H,'PELANGI 02'!$J$1,'[1]Rincian Keluar'!$F:$F,'PELANGI 02'!M44) -> 3 | F44: 337050 | G44: =E44*F44 -> 1011150 | M44: =$C$37 -> BATA
B45: 8 | C45: Bata | D45: =IFERROR(HLOOKUP($J$1,[1]DB!$C$1:$K$172,45,FALSE),"") -> 2329 | E45: =SUMIFS('[1]Rincian Keluar'!$G:$G,'[1]Rincian Keluar'!$E:$E,'PELANGI 02'!C45,'[1]Rincian Keluar'!$D:$D,'PELANGI 02'!$D$1,'[1]Rincian Keluar'!$H:$H,'PELANGI 02'!$J$1,'[1]Rincian Keluar'!$F:$F,'PELANGI 02'!M45) -> 0 | F45: 1850 | G45: =E45*F45 -> 0 | M45: =$C$37 -> BATA
B46: 9 | C46: Semen PCC 40 Kg Tiga Roda | D46: =IFERROR(HLOOKUP($J$1,[1]DB!$C$1:$K$172,46,FALSE),"") -> 19 | E46: =SUMIFS('[1]Rincian Keluar'!$G:$G,'[1]Rincian Keluar'!$E:$E,'PELANGI 02'!C46,'[1]Rincian Keluar'!$D:$D,'PELANGI 02'!$D$1,'[1]Rincian Keluar'!$H:$H,'PELANGI 02'!$J$1,'[1]Rincian Keluar'!$F:$F,'PELANGI 02'!M46) -> 2 | F46: 60700 | G46: =E46*F46 -> 121400 | M46: =$C$37 -> BATA
B47: 10 | C47: Pasir | D47: =IFERROR(HLOOKUP($J$1,[1]DB!$C$1:$K$172,47,FALSE),"") -> 5 | E47: =SUMIFS('[1]Rincian Keluar'!$G:$G,'[1]Rincian Keluar'!$E:$E,'PELANGI 02'!C47,'[1]Rincian Keluar'!$D:$D,'PELANGI 02'!$D$1,'[1]Rincian Keluar'!$H:$H,'PELANGI 02'!$J$1,'[1]Rincian Keluar'!$F:$F,'PELANGI 02'!M47) -> 1 | F47: 150000 | G47: =E47*F47 -> 150000 | M47: =$C$37 -> BATA
B48: 11 | C48: Besi ø6 | D48: =IFERROR(HLOOKUP($J$1,[1]DB!$C$1:$K$172,48,FALSE),"") -> 5 | E48: =SUMIFS('[1]Rincian Keluar'!$G:$G,'[1]Rincian Keluar'!$E:$E,'PELANGI 02'!C48,'[1]Rincian Keluar'!$D:$D,'PELANGI 02'!$D$1,'[1]Rincian Keluar'!$H:$H,'PELANGI 02'!$J$1,'[1]Rincian Keluar'!$F:$F,'PELANGI 02'!M48) -> 5 | F48: =F7 -> 21500 | G48: =E48*F48 -> 107500 | M48: =$C$37 -> BATA
B49: F | C49: Cor Tiang Depan | M49: =$C$37 -> BATA
B50: 1 | C50: Semen PCC 40 Kg Tiga Roda | D50: =IFERROR(HLOOKUP($J$1,[1]DB!$C$1:$K$172,50,FALSE),"") -> 5 | E50: =SUMIFS('[1]Rincian Keluar'!$G:$G,'[1]Rincian Keluar'!$E:$E,'PELANGI 02'!C50,'[1]Rincian Keluar'!$D:$D,'PELANGI 02'!$D$1,'[1]Rincian Keluar'!$H:$H,'PELANGI 02'!$J$1,'[1]Rincian Keluar'!$F:$F,'PELANGI 02'!M50) -> 2 | F50: 60700 | G50: =E50*F50 -> 121400 | M50: =$C$37 -> BATA
B51: 2 | C51: Pasir | D51: =IFERROR(HLOOKUP($J$1,[1]DB!$C$1:$K$172,51,FALSE),"") -> 1 | E51: =SUMIFS('[1]Rincian Keluar'!$G:$G,'[1]Rincian Keluar'!$E:$E,'PELANGI 02'!C51,'[1]Rincian Keluar'!$D:$D,'PELANGI 02'!$D$1,'[1]Rincian Keluar'!$H:$H,'PELANGI 02'!$J$1,'[1]Rincian Keluar'!$F:$F,'PELANGI 02'!M51) -> 1 | F51: 150000 | G51: =E51*F51 -> 150000 | M51: =$C$37 -> BATA
B52: 3 | C52: Batu | D52: =IFERROR(HLOOKUP($J$1,[1]DB!$C$1:$K$172,52,FALSE),"") -> 2 | E52: =SUMIFS('[1]Rincian Keluar'!$G:$G,'[1]Rincian Keluar'!$E:$E,'PELANGI 02'!C52,'[1]Rincian Keluar'!$D:$D,'PELANGI 02'!$D$1,'[1]Rincian Keluar'!$H:$H,'PELANGI 02'!$J$1,'[1]Rincian Keluar'!$F:$F,'PELANGI 02'!M52) -> 0 | G52: =E52*F52 -> 0 | M52: =$C$37 -> BATA
B53: 4 | C53: Besi ø6 | D53: =IFERROR(HLOOKUP($J$1,[1]DB!$C$1:$K$172,53,FALSE),"") -> 3 | E53: =SUMIFS('[1]Rincian Keluar'!$G:$G,'[1]Rincian Keluar'!$E:$E,'PELANGI 02'!C53,'[1]Rincian Keluar'!$D:$D,'PELANGI 02'!$D$1,'[1]Rincian Keluar'!$H:$H,'PELANGI 02'!$J$1,'[1]Rincian Keluar'!$F:$F,'PELANGI 02'!M53) -> 2 | F53: 22000 | G53: =E53*F53 -> 44000 | M53: =$C$37 -> BATA
B54: 5 | C54: Besi ø8 | D54: =IFERROR(HLOOKUP($J$1,[1]DB!$C$1:$K$172,54,FALSE),"") -> 4 | E54: =SUMIFS('[1]Rincian Keluar'!$G:$G,'[1]Rincian Keluar'!$E:$E,'PELANGI 02'!C54,'[1]Rincian Keluar'!$D:$D,'PELANGI 02'!$D$1,'[1]Rincian Keluar'!$H:$H,'PELANGI 02'!$J$1,'[1]Rincian Keluar'!$F:$F,'PELANGI 02'!M54) -> 0 | F54: 35000 | G54: =E54*F54 -> 0 | M54: =$C$37 -> BATA
B55: 6 | C55: Multiplek | D55: =IFERROR(HLOOKUP($J$1,[1]DB!$C$1:$K$172,55,FALSE),"") -> 1 | E55: =SUMIFS('[1]Rincian Keluar'!$G:$G,'[1]Rincian Keluar'!$E:$E,'PELANGI 02'!C55,'[1]Rincian Keluar'!$D:$D,'PELANGI 02'!$D$1,'[1]Rincian Keluar'!$H:$H,'PELANGI 02'!$J$1,'[1]Rincian Keluar'!$F:$F,'PELANGI 02'!M55) -> 0 | F55: 130000 | G55: =E55*F55 -> 0 | M55: =$C$37 -> BATA
B56: 7 | C56: Kayu 3/5 | D56: =IFERROR(HLOOKUP($J$1,[1]DB!$C$1:$K$172,56,FALSE),"") -> 20 | E56: =SUMIFS('[1]Rincian Keluar'!$G:$G,'[1]Rincian Keluar'!$E:$E,'PELANGI 02'!C56,'[1]Rincian Keluar'!$D:$D,'PELANGI 02'!$D$1,'[1]Rincian Keluar'!$H:$H,'PELANGI 02'!$J$1,'[1]Rincian Keluar'!$F:$F,'PELANGI 02'!M56) -> 36 | F56: 11000 | G56: =E56*F56 -> 396000 | M56: =$C$37 -> BATA
B57: 8 | C57: Bata | D57: =IFERROR(HLOOKUP($J$1,[1]DB!$C$1:$K$172,57,FALSE),"") -> 74 | E57: =SUMIFS('[1]Rincian Keluar'!$G:$G,'[1]Rincian Keluar'!$E:$E,'PELANGI 02'!C57,'[1]Rincian Keluar'!$D:$D,'PELANGI 02'!$D$1,'[1]Rincian Keluar'!$H:$H,'PELANGI 02'!$J$1,'[1]Rincian Keluar'!$F:$F,'PELANGI 02'!M57) -> 0 | F57: 1850 | G57: =E57*F57 -> 0 | M57: =$C$37 -> BATA
B58: 9 | C58: Cerucuk | D58: =IFERROR(HLOOKUP($J$1,[1]DB!$C$1:$K$172,58,FALSE),"") -> 7 | E58: =SUMIFS('[1]Rincian Keluar'!$G:$G,'[1]Rincian Keluar'!$E:$E,'PELANGI 02'!C58,'[1]Rincian Keluar'!$D:$D,'PELANGI 02'!$D$1,'[1]Rincian Keluar'!$H:$H,'PELANGI 02'!$J$1,'[1]Rincian Keluar'!$F:$F,'PELANGI 02'!M58) -> 0 | F58: 8000 | G58: =E58*F58 -> 0 | M58: =$C$37 -> BATA
B59: 10 | C59: Papan Mal | D59: =IFERROR(HLOOKUP($J$1,[1]DB!$C$1:$K$172,59,FALSE),"") -> 6 | E59: =SUMIFS('[1]Rincian Keluar'!$G:$G,'[1]Rincian Keluar'!$E:$E,'PELANGI 02'!C59,'[1]Rincian Keluar'!$D:$D,'PELANGI 02'!$D$1,'[1]Rincian Keluar'!$H:$H,'PELANGI 02'!$J$1,'[1]Rincian Keluar'!$F:$F,'PELANGI 02'!M59) -> 0 | F59: 11000 | G59: =E59*F59 -> 0 | M59: =$C$37 -> BATA
B60: G | C60: PLASTER
B61: 1 | C61: Semen PCC 40 Kg Tiga Roda | D61: =IFERROR(HLOOKUP($J$1,[1]DB!$C$1:$K$172,61,FALSE),"") -> 35 | E61: =SUMIFS('[1]Rincian Keluar'!$G:$G,'[1]Rincian Keluar'!$E:$E,'PELANGI 02'!C61,'[1]Rincian Keluar'!$D:$D,'PELANGI 02'!$D$1,'[1]Rincian Keluar'!$H:$H,'PELANGI 02'!$J$1,'[1]Rincian Keluar'!$F:$F,'PELANGI 02'!M61) -> 0 | F61: 60700 | G61: =E61*F61 -> 0 | I61: =IFERROR(VLOOKUP($C60,[1]HK!$B$5:$C$14,2,FALSE),"")*$J1 -> 3125000 | J61: =E61*F61 -> 0 | K61: 0.68 | M61: =$C$60 -> PLASTER
B62: 2 | C62: Pasir | D62: =IFERROR(HLOOKUP($J$1,[1]DB!$C$1:$K$172,62,FALSE),"") -> 7 | E62: =SUMIFS('[1]Rincian Keluar'!$G:$G,'[1]Rincian Keluar'!$E:$E,'PELANGI 02'!C62,'[1]Rincian Keluar'!$D:$D,'PELANGI 02'!$D$1,'[1]Rincian Keluar'!$H:$H,'PELANGI 02'!$J$1,'[1]Rincian Keluar'!$F:$F,'PELANGI 02'!M62) -> 0 | F62: 150000 | G62: =E62*F62 -> 0 | M62: =$C$60 -> PLASTER
B63: 3 | C63: Pipa 5/8 | D63: =IFERROR(HLOOKUP($J$1,[1]DB!$C$1:$K$172,63,FALSE),"") -> 6 | E63: =SUMIFS('[1]Rincian Keluar'!$G:$G,'[1]Rincian Keluar'!$E:$E,'PELANGI 02'!C63,'[1]Rincian Keluar'!$D:$D,'PELANGI 02'!$D$1,'[1]Rincian Keluar'!$H:$H,'PELANGI 02'!$J$1,'[1]Rincian Keluar'!$F:$F,'PELANGI 02'!M63) -> 0 | F63: 8600 | G63: =E63*F63 -> 0 | M63: =$C$60 -> PLASTER
B64: H | C64: ATAP
B65: 1 | C65: Kayu 3/5 | D65: =IFERROR(HLOOKUP($J$1,[1]DB!$C$1:$K$172,65,FALSE),"") -> 60 | E65: =SUMIFS('[1]Rincian Keluar'!$G:$G,'[1]Rincian Keluar'!$E:$E,'PELANGI 02'!C65,'[1]Rincian Keluar'!$D:$D,'PELANGI 02'!$D$1,'[1]Rincian Keluar'!$H:$H,'PELANGI 02'!$J$1,'[1]Rincian Keluar'!$F:$F,'PELANGI 02'!M65) -> 0 | F65: 11000 | G65: =E65*F65 -> 0 | I65: =IFERROR(VLOOKUP($C64,[1]HK!$B$5:$C$14,2,FALSE),"")*$J1 -> 1670000 | M65: =$C$64 -> ATAP
B66: 2 | C66: Kayu 4/6 | D66: =IFERROR(HLOOKUP($J$1,[1]DB!$C$1:$K$172,66,FALSE),"") -> 40 | E66: =SUMIFS('[1]Rincian Keluar'!$G:$G,'[1]Rincian Keluar'!$E:$E,'PELANGI 02'!C66,'[1]Rincian Keluar'!$D:$D,'PELANGI 02'!$D$1,'[1]Rincian Keluar'!$H:$H,'PELANGI 02'!$J$1,'[1]Rincian Keluar'!$F:$F,'PELANGI 02'!M66) -> 0 | F66: 15000 | G66: =E66*F66 -> 0 | M66: =$C$64 -> ATAP
B67: 3 | C67: Kayu 5/7 | D67: =IFERROR(HLOOKUP($J$1,[1]DB!$C$1:$K$172,67,FALSE),"") -> 29 | E67: =SUMIFS('[1]Rincian Keluar'!$G:$G,'[1]Rincian Keluar'!$E:$E,'PELANGI 02'!C67,'[1]Rincian Keluar'!$D:$D,'PELANGI 02'!$D$1,'[1]Rincian Keluar'!$H:$H,'PELANGI 02'!$J$1,'[1]Rincian Keluar'!$F:$F,'PELANGI 02'!M67) -> 0 | F67: 30000 | G67: =E67*F67 -> 0 | M67: =$C$64 -> ATAP
B68: 4 | C68: Lisplank | D68: =IFERROR(HLOOKUP($J$1,[1]DB!$C$1:$K$172,68,FALSE),"") -> 9 | E68: =SUMIFS('[1]Rincian Keluar'!$G:$G,'[1]Rincian Keluar'!$E:$E,'PELANGI 02'!C68,'[1]Rincian Keluar'!$D:$D,'PELANGI 02'!$D$1,'[1]Rincian Keluar'!$H:$H,'PELANGI 02'!$J$1,'[1]Rincian Keluar'!$F:$F,'PELANGI 02'!M68) -> 0 | F68: 60000 | G68: =E68*F68 -> 0 | M68: =$C$64 -> ATAP
B69: 5 | C69: Seng Metal 4 Susun (merah) | D69: =IFERROR(HLOOKUP($J$1,[1]DB!$C$1:$K$172,69,FALSE),"") -> 68 | E69: =SUMIFS('[1]Rincian Keluar'!$G:$G,'[1]Rincian Keluar'!$E:$E,'PELANGI 02'!C69,'[1]Rincian Keluar'!$D:$D,'PELANGI 02'!$D$1,'[1]Rincian Keluar'!$H:$H,'PELANGI 02'!$J$1,'[1]Rincian Keluar'!$F:$F,'PELANGI 02'!M69) -> 0 | F69: 52000 | G69: =E69*F69 -> 0 | M69: =$C$64 -> ATAP
B70: 6 | C70: Seng Metal 2 Susun (hitam) | D70: =IFERROR(HLOOKUP($J$1,[1]DB!$C$1:$K$172,70,FALSE),"") -> 0 | E70: =SUMIFS('[1]Rincian Keluar'!$G:$G,'[1]Rincian Keluar'!$E:$E,'PELANGI 02'!C70,'[1]Rincian Keluar'!$D:$D,'PELANGI 02'!$D$1,'[1]Rincian Keluar'!$H:$H,'PELANGI 02'!$J$1,'[1]Rincian Keluar'!$F:$F,'PELANGI 02'!M70) -> 0 | F70: 36000 | G70: =E70*F70 -> 0 | M70: =$C$64 -> ATAP
B71: 7 | C71: Perabung Hitam | D71: =IFERROR(HLOOKUP($J$1,[1]DB!$C$1:$K$172,71,FALSE),"") -> 0 | E71: =SUMIFS('[1]Rincian Keluar'!$G:$G,'[1]Rincian Keluar'!$E:$E,'PELANGI 02'!C71,'[1]Rincian Keluar'!$D:$D,'PELANGI 02'!$D$1,'[1]Rincian Keluar'!$H:$H,'PELANGI 02'!$J$1,'[1]Rincian Keluar'!$F:$F,'PELANGI 02'!M71) -> 0 | F71: 50000 | G71: =E71*F71 -> 0 | M71: =$C$64 -> ATAP
B72: 8 | C72: Perabung Merah | D72: =IFERROR(HLOOKUP($J$1,[1]DB!$C$1:$K$172,72,FALSE),"") -> 1.5 | E72: =SUMIFS('[1]Rincian Keluar'!$G:$G,'[1]Rincian Keluar'!$E:$E,'PELANGI 02'!C72,'[1]Rincian Keluar'!$D:$D,'PELANGI 02'!$D$1,'[1]Rincian Keluar'!$H:$H,'PELANGI 02'!$J$1,'[1]Rincian Keluar'!$F:$F,'PELANGI 02'!M72) -> 0 | F72: 650000 | G72: =E72*F72 -> 0 | M72: =$C$64 -> ATAP
B73: 9 | C73: Paku 2 inch | D73: =IFERROR(HLOOKUP($J$1,[1]DB!$C$1:$K$172,73,FALSE),"") -> 1 | E73: =SUMIFS('[1]Rincian Keluar'!$G:$G,'[1]Rincian Keluar'!$E:$E,'PELANGI 02'!C73,'[1]Rincian Keluar'!$D:$D,'PELANGI 02'!$D$1,'[1]Rincian Keluar'!$H:$H,'PELANGI 02'!$J$1,'[1]Rincian Keluar'!$F:$F,'PELANGI 02'!M73) -> 0 | F73: 130000 | G73: =E73*F73 -> 0 | M73: =$C$64 -> ATAP
B74: 10 | C74: Paku 3 inch | D74: =IFERROR(HLOOKUP($J$1,[1]DB!$C$1:$K$172,74,FALSE),"") -> 1 | E74: =SUMIFS('[1]Rincian Keluar'!$G:$G,'[1]Rincian Keluar'!$E:$E,'PELANGI 02'!C74,'[1]Rincian Keluar'!$D:$D,'PELANGI 02'!$D$1,'[1]Rincian Keluar'!$H:$H,'PELANGI 02'!$J$1,'[1]Rincian Keluar'!$F:$F,'PELANGI 02'!M74) -> 0 | F74: 130000 | G74: =E74*F74 -> 0 | M74: =$C$64 -> ATAP
B75: I | C75: DEK
B76: 1 | C76: Kayu 3/5 | D76: =IFERROR(HLOOKUP($J$1,[1]DB!$C$1:$K$172,76,FALSE),"") -> 86 | E76: =SUMIFS('[1]Rincian Keluar'!$G:$G,'[1]Rincian Keluar'!$E:$E,'PELANGI 02'!C76,'[1]Rincian Keluar'!$D:$D,'PELANGI 02'!$D$1,'[1]Rincian Keluar'!$H:$H,'PELANGI 02'!$J$1,'[1]Rincian Keluar'!$F:$F,'PELANGI 02'!M76) -> 0 | F76: 11000 | G76: =E76*F76 -> 0 | I76: =IFERROR(VLOOKUP($C75,[1]HK!$B$5:$C$14,2,FALSE),"")*$J1 -> 975000 | M76: =$C$75 -> DEK
B77: 2 | C77: Gypsum | D77: =IFERROR(HLOOKUP($J$1,[1]DB!$C$1:$K$172,77,FALSE),"") -> 23 | E77: =SUMIFS('[1]Rincian Keluar'!$G:$G,'[1]Rincian Keluar'!$E:$E,'PELANGI 02'!C77,'[1]Rincian Keluar'!$D:$D,'PELANGI 02'!$D$1,'[1]Rincian Keluar'!$H:$H,'PELANGI 02'!$J$1,'[1]Rincian Keluar'!$F:$F,'PELANGI 02'!M77) -> 0 | F77: 60000 | G77: =E77*F77 -> 0 | M77: =$C$75 -> DEK
B78: 3 | C78: Baut | D78: =IFERROR(HLOOKUP($J$1,[1]DB!$C$1:$K$172,78,FALSE),"") -> 4 | E78: =SUMIFS('[1]Rincian Keluar'!$G:$G,'[1]Rincian Keluar'!$E:$E,'PELANGI 02'!C78,'[1]Rincian Keluar'!$D:$D,'PELANGI 02'!$D$1,'[1]Rincian Keluar'!$H:$H,'PELANGI 02'!$J$1,'[1]Rincian Keluar'!$F:$F,'PELANGI 02'!M78) -> 0 | F78: 37000 | G78: =E78*F78 -> 0 | M78: =$C$75 -> DEK
B79: 4 | C79: Paku Beton 4 inch | D79: =IFERROR(HLOOKUP($J$1,[1]DB!$C$1:$K$172,79,FALSE),"") -> 1 | E79: =SUMIFS('[1]Rincian Keluar'!$G:$G,'[1]Rincian Keluar'!$E:$E,'PELANGI 02'!C79,'[1]Rincian Keluar'!$D:$D,'PELANGI 02'!$D$1,'[1]Rincian Keluar'!$H:$H,'PELANGI 02'!$J$1,'[1]Rincian Keluar'!$F:$F,'PELANGI 02'!M79) -> 0 | F79: 5000 | G79: =E79*F79 -> 0 | M79: =$C$75 -> DEK
B80: 5 | C80: Paku 3 imch | D80: =IFERROR(HLOOKUP($J$1,[1]DB!$C$1:$K$172,80,FALSE),"") -> 1 | E80: =SUMIFS('[1]Rincian Keluar'!$G:$G,'[1]Rincian Keluar'!$E:$E,'PELANGI 02'!C80,'[1]Rincian Keluar'!$D:$D,'PELANGI 02'!$D$1,'[1]Rincian Keluar'!$H:$H,'PELANGI 02'!$J$1,'[1]Rincian Keluar'!$F:$F,'PELANGI 02'!M80) -> 0 | F80: 130000 | G80: =E80*F80 -> 0 | M80: =$C$75 -> DEK
B81: 6 | C81: paku 2 inch | D81: =IFERROR(HLOOKUP($J$1,[1]DB!$C$1:$K$172,81,FALSE),"") -> 1 | E81: =SUMIFS('[1]Rincian Keluar'!$G:$G,'[1]Rincian Keluar'!$E:$E,'PELANGI 02'!C81,'[1]Rincian Keluar'!$D:$D,'PELANGI 02'!$D$1,'[1]Rincian Keluar'!$H:$H,'PELANGI 02'!$J$1,'[1]Rincian Keluar'!$F:$F,'PELANGI 02'!M81) -> 0 | F81: 130000 | G81: =E81*F81 -> 0 | M81: =$C$75 -> DEK
B82: J | C82: MINIMALIS
B83: 1 | C83: Bata | D83: =IFERROR(HLOOKUP($J$1,[1]DB!$C$1:$K$172,83,FALSE),"") -> 109 | E83: =SUMIFS('[1]Rincian Keluar'!$G:$G,'[1]Rincian Keluar'!$E:$E,'PELANGI 02'!C83,'[1]Rincian Keluar'!$D:$D,'PELANGI 02'!$D$1,'[1]Rincian Keluar'!$H:$H,'PELANGI 02'!$J$1,'[1]Rincian Keluar'!$F:$F,'PELANGI 02'!M83) -> 0 | F83: 1850 | G83: =E83*F83 -> 0 | I83: =IFERROR(VLOOKUP($C82,[1]HK!$B$5:$C$20,2,FALSE),"")*$J1 -> 630000 | M83: =$C$82 -> MINIMALIS
B84: 2 | C84: Pasir | D84: =IFERROR(HLOOKUP($J$1,[1]DB!$C$1:$K$172,84,FALSE),"") -> 3 | E84: =SUMIFS('[1]Rincian Keluar'!$G:$G,'[1]Rincian Keluar'!$E:$E,'PELANGI 02'!C84,'[1]Rincian Keluar'!$D:$D,'PELANGI 02'!$D$1,'[1]Rincian Keluar'!$H:$H,'PELANGI 02'!$J$1,'[1]Rincian Keluar'!$F:$F,'PELANGI 02'!M84) -> 0 | F84: 150000 | G84: =E84*F84 -> 0 | M84: =$C$82 -> MINIMALIS
B85: 3 | C85: Semen PCC 40 Kg Tiga Roda | D85: =IFERROR(HLOOKUP($J$1,[1]DB!$C$1:$K$172,85,FALSE),"") -> 9 | E85: =SUMIFS('[1]Rincian Keluar'!$G:$G,'[1]Rincian Keluar'!$E:$E,'PELANGI 02'!C85,'[1]Rincian Keluar'!$D:$D,'PELANGI 02'!$D$1,'[1]Rincian Keluar'!$H:$H,'PELANGI 02'!$J$1,'[1]Rincian Keluar'!$F:$F,'PELANGI 02'!M85) -> 0 | F85: 60700 | G85: =E85*F85 -> 0 | M85: =$C$82 -> MINIMALIS
B86: 4 | C86: Keramik 60 x 60 Blackmatt | D86: =IFERROR(HLOOKUP($J$1,[1]DB!$C$1:$K$172,86,FALSE),"") -> 7 | E86: =SUMIFS('[1]Rincian Keluar'!$G:$G,'[1]Rincian Keluar'!$E:$E,'PELANGI 02'!C86,'[1]Rincian Keluar'!$D:$D,'PELANGI 02'!$D$1,'[1]Rincian Keluar'!$H:$H,'PELANGI 02'!$J$1,'[1]Rincian Keluar'!$F:$F,'PELANGI 02'!M86) -> 0 | F86: 165000 | G86: =E86*F86 -> 0 | M86: =$C$82 -> MINIMALIS
B87: K | C87: CARPORT
B88: 1 | C88: Semen PCC 40 Kg Tiga Roda | D88: =IFERROR(HLOOKUP($J$1,[1]DB!$C$1:$K$172,88,FALSE),"") -> 22 | E88: =SUMIFS('[1]Rincian Keluar'!$G:$G,'[1]Rincian Keluar'!$E:$E,'PELANGI 02'!C88,'[1]Rincian Keluar'!$D:$D,'PELANGI 02'!$D$1,'[1]Rincian Keluar'!$H:$H,'PELANGI 02'!$J$1,'[1]Rincian Keluar'!$F:$F,'PELANGI 02'!M88) -> 14 | F88: 60700 | G88: =E88*F88 -> 849800 | H88: 504000 | I88: =IFERROR(VLOOKUP($C87,[1]HK!$B$5:$C$20,2,FALSE),"")*$J1 -> 835000 | J88: =I88-H88 -> 331000 | K88: 1 | M88: =$C$87 -> CARPORT
B89: 2 | C89: Kayu 3/5 | D89: =IFERROR(HLOOKUP($J$1,[1]DB!$C$1:$K$172,89,FALSE),"") -> 8 | E89: =SUMIFS('[1]Rincian Keluar'!$G:$G,'[1]Rincian Keluar'!$E:$E,'PELANGI 02'!C89,'[1]Rincian Keluar'!$D:$D,'PELANGI 02'!$D$1,'[1]Rincian Keluar'!$H:$H,'PELANGI 02'!$J$1,'[1]Rincian Keluar'!$F:$F,'PELANGI 02'!M89) -> 5 | F89: 11000 | G89: =E89*F89 -> 55000 | M89: =$C$87 -> CARPORT
B90: 3 | C90: Cerucuk | D90: =IFERROR(HLOOKUP($J$1,[1]DB!$C$1:$K$172,90,FALSE),"") -> 5 | E90: =SUMIFS('[1]Rincian Keluar'!$G:$G,'[1]Rincian Keluar'!$E:$E,'PELANGI 02'!C90,'[1]Rincian Keluar'!$D:$D,'PELANGI 02'!$D$1,'[1]Rincian Keluar'!$H:$H,'PELANGI 02'!$J$1,'[1]Rincian Keluar'!$F:$F,'PELANGI 02'!M90) -> 5 | F90: 8000 | G90: =E90*F90 -> 40000 | M90: =$C$87 -> CARPORT
B91: 4 | C91: Papan Mal | D91: =IFERROR(HLOOKUP($J$1,[1]DB!$C$1:$K$172,91,FALSE),"") -> 10 | E91: =SUMIFS('[1]Rincian Keluar'!$G:$G,'[1]Rincian Keluar'!$E:$E,'PELANGI 02'!C91,'[1]Rincian Keluar'!$D:$D,'PELANGI 02'!$D$1,'[1]Rincian Keluar'!$H:$H,'PELANGI 02'!$J$1,'[1]Rincian Keluar'!$F:$F,'PELANGI 02'!M91) -> 10 | F91: 11000 | G91: =E91*F91 -> 110000 | M91: =$C$87 -> CARPORT
B92: 5 | C92: Plastik cor | D92: =IFERROR(HLOOKUP($J$1,[1]DB!$C$1:$K$172,92,FALSE),"") -> 7 | E92: =SUMIFS('[1]Rincian Keluar'!$G:$G,'[1]Rincian Keluar'!$E:$E,'PELANGI 02'!C92,'[1]Rincian Keluar'!$D:$D,'PELANGI 02'!$D$1,'[1]Rincian Keluar'!$H:$H,'PELANGI 02'!$J$1,'[1]Rincian Keluar'!$F:$F,'PELANGI 02'!M92) -> 7 | F92: 15000 | G92: =E92*F92 -> 105000 | M92: =$C$87 -> CARPORT
B93: 6 | C93: Besi ø6 | D93: =IFERROR(HLOOKUP($J$1,[1]DB!$C$1:$K$172,93,FALSE),"") -> 2 | E93: =SUMIFS('[1]Rincian Keluar'!$G:$G,'[1]Rincian Keluar'!$E:$E,'PELANGI 02'!C93,'[1]Rincian Keluar'!$D:$D,'PELANGI 02'!$D$1,'[1]Rincian Keluar'!$H:$H,'PELANGI 02'!$J$1,'[1]Rincian Keluar'!$F:$F,'PELANGI 02'!M93) -> 2 | F93: 22000 | G93: =E93*F93 -> 44000 | M93: =$C$87 -> CARPORT
B94: 7 | C94: Besi ø8 | D94: =IFERROR(HLOOKUP($J$1,[1]DB!$C$1:$K$172,94,FALSE),"") -> 15 | E94: =SUMIFS('[1]Rincian Keluar'!$G:$G,'[1]Rincian Keluar'!$E:$E,'PELANGI 02'!C94,'[1]Rincian Keluar'!$D:$D,'PELANGI 02'!$D$1,'[1]Rincian Keluar'!$H:$H,'PELANGI 02'!$J$1,'[1]Rincian Keluar'!$F:$F,'PELANGI 02'!M94) -> 4 | F94: 35000 | G94: =E94*F94 -> 140000 | M94: =$C$87 -> CARPORT
B95: 8 | C95: Batu | D95: =IFERROR(HLOOKUP($J$1,[1]DB!$C$1:$K$172,95,FALSE),"") -> 1 | E95: =SUMIFS('[1]Rincian Keluar'!$G:$G,'[1]Rincian Keluar'!$E:$E,'PELANGI 02'!C95,'[1]Rincian Keluar'!$D:$D,'PELANGI 02'!$D$1,'[1]Rincian Keluar'!$H:$H,'PELANGI 02'!$J$1,'[1]Rincian Keluar'!$F:$F,'PELANGI 02'!M95) -> 0.5 | F95: 500000 | G95: =E95*F95 -> 250000 | M95: =$C$87 -> CARPORT
B96: 9 | C96: Pasir | D96: =IFERROR(HLOOKUP($J$1,[1]DB!$C$1:$K$172,96,FALSE),"") -> 6 | E96: =SUMIFS('[1]Rincian Keluar'!$G:$G,'[1]Rincian Keluar'!$E:$E,'PELANGI 02'!C96,'[1]Rincian Keluar'!$D:$D,'PELANGI 02'!$D$1,'[1]Rincian Keluar'!$H:$H,'PELANGI 02'!$J$1,'[1]Rincian Keluar'!$F:$F,'PELANGI 02'!M96) -> 6 | F96: 150000 | G96: =E96*F96 -> 900000 | M96: =$C$87 -> CARPORT
B97: 10 | C97: Keramik 60 x 60 Blackmatt | D97: =IFERROR(HLOOKUP($J$1,[1]DB!$C$1:$K$172,97,FALSE),"") -> 31 | E97: =SUMIFS('[1]Rincian Keluar'!$G:$G,'[1]Rincian Keluar'!$E:$E,'PELANGI 02'!C97,'[1]Rincian Keluar'!$D:$D,'PELANGI 02'!$D$1,'[1]Rincian Keluar'!$H:$H,'PELANGI 02'!$J$1,'[1]Rincian Keluar'!$F:$F,'PELANGI 02'!M97) -> 0 | F97: 165000 | G97: =E97*F97 -> 0
B98: L | C98: KERAMIK
B99: 1 | C99: Keramik 60 x 60 Cream | D99: =IFERROR(HLOOKUP($J$1,[1]DB!$C$1:$K$172,99,FALSE),"") -> 32 | E99: =SUMIFS('[1]Rincian Keluar'!$G:$G,'[1]Rincian Keluar'!$E:$E,'PELANGI 02'!C99,'[1]Rincian Keluar'!$D:$D,'PELANGI 02'!$D$1,'[1]Rincian Keluar'!$H:$H,'PELANGI 02'!$J$1,'[1]Rincian Keluar'!$F:$F,'PELANGI 02'!M99) -> 0 | F99: 118000 | G99: =E99*F99 -> 0 | I99: =IFERROR(VLOOKUP($C98,[1]HK!$B$5:$C$20,2,FALSE),"")*$J1 -> 1390000 | M99: =$C$98 -> KERAMIK
B100: 2 | C100: Keramik 60 x 60 Blackmatt | D100: =IFERROR(HLOOKUP($J$1,[1]DB!$C$1:$K$172,100,FALSE),"") -> 13 | E100: =SUMIFS('[1]Rincian Keluar'!$G:$G,'[1]Rincian Keluar'!$E:$E,'PELANGI 02'!C100,'[1]Rincian Keluar'!$D:$D,'PELANGI 02'!$D$1,'[1]Rincian Keluar'!$H:$H,'PELANGI 02'!$J$1,'[1]Rincian Keluar'!$F:$F,'PELANGI 02'!M100) -> 0 | F100: 165000 | G100: =E100*F100 -> 0 | M100: =$C$98 -> KERAMIK
B101: 3 | C101: Pasir | D101: =IFERROR(HLOOKUP($J$1,[1]DB!$C$1:$K$172,101,FALSE),"") -> 5 | E101: =SUMIFS('[1]Rincian Keluar'!$G:$G,'[1]Rincian Keluar'!$E:$E,'PELANGI 02'!C101,'[1]Rincian Keluar'!$D:$D,'PELANGI 02'!$D$1,'[1]Rincian Keluar'!$H:$H,'PELANGI 02'!$J$1,'[1]Rincian Keluar'!$F:$F,'PELANGI 02'!M101) -> 0 | F101: 150000 | G101: =E101*F101 -> 0 | M101: =$C$98 -> KERAMIK
B102: 4 | C102: Semen PCC 40 Kg Tiga Roda | D102: =IFERROR(HLOOKUP($J$1,[1]DB!$C$1:$K$172,102,FALSE),"") -> 22 | E102: =SUMIFS('[1]Rincian Keluar'!$G:$G,'[1]Rincian Keluar'!$E:$E,'PELANGI 02'!C102,'[1]Rincian Keluar'!$D:$D,'PELANGI 02'!$D$1,'[1]Rincian Keluar'!$H:$H,'PELANGI 02'!$J$1,'[1]Rincian Keluar'!$F:$F,'PELANGI 02'!M102) -> 0 | F102: 60700 | G102: =E102*F102 -> 0 | M102: =$C$98 -> KERAMIK
...

Sheet RIDHO 01
B1: LOKASI | D1: RIDHO 01 | H1: TYPE | J1: 80
B4: No. | C4: URAIAN PEKERJAAN | D4: BAHAN | F4: HARGA BAHAN | G4: TOTAL HARGA | H4: UPAH | I4: BORONGAN | J4: UNTUNG/RUGI | K4: PROGRES
D5: BAKU | E5: OUT | F5: ( Rp ) | G5: ( Rp )
B6: A | C6: PONDASI
B7: 1 | C7: Besi ø6 | D7: =IFERROR(HLOOKUP($J$1,[1]DB!$C$1:$K$172,7,FALSE),"") -> 19 | E7: =SUMIFS('[1]Rincian Keluar'!$G:$G,'[1]Rincian Keluar'!$E:$E,'RIDHO 01'!C7,'[1]Rincian Keluar'!$D:$D,'RIDHO 01'!$D$1,'[1]Rincian Keluar'!$H:$H,'RIDHO 01'!$J$1,'[1]Rincian Keluar'!$F:$F,'RIDHO 01'!M7) -> 16 | F7: 21500 | G7: =E7*F7 -> 344000 | H7: 2565000 | I7: =IFERROR(VLOOKUP($C6,[1]HK!$B$5:$C$14,2,FALSE),"")*$J1 -> 3336000 | J7: =I7-H7 -> 771000 | K7: 1 | M7: =$C$6 -> PONDASI
B8: 2 | C8: Besi ø8 Ulir | D8: =IFERROR(HLOOKUP($J$1,[1]DB!$C$1:$K$172,8,FALSE),"") -> 66 | E8: =SUMIFS('[1]Rincian Keluar'!$G:$G,'[1]Rincian Keluar'!$E:$E,'RIDHO 01'!C8,'[1]Rincian Keluar'!$D:$D,'RIDHO 01'!$D$1,'[1]Rincian Keluar'!$H:$H,'RIDHO 01'!$J$1,'[1]Rincian Keluar'!$F:$F,'RIDHO 01'!M8) -> 56 | F8: 49000 | G8: =E8*F8 -> 2744000 | M8: =$C$6 -> PONDASI
B9: 3 | C9: Kayu 3/5 | D9: =IFERROR(HLOOKUP($J$1,[1]DB!$C$1:$K$172,9,FALSE),"") -> 56 | E9: =SUMIFS('[1]Rincian Keluar'!$G:$G,'[1]Rincian Keluar'!$E:$E,'RIDHO 01'!C9,'[1]Rincian Keluar'!$D:$D,'RIDHO 01'!$D$1,'[1]Rincian Keluar'!$H:$H,'RIDHO 01'!$J$1,'[1]Rincian Keluar'!$F:$F,'RIDHO 01'!M9) -> 42 | F9: 11000 | G9: =E9*F9 -> 462000 | M9: =$C$6 -> PONDASI
B10: 4 | C10: Cerucuk | D10: =IFERROR(HLOOKUP($J$1,[1]DB!$C$1:$K$172,10,FALSE),"") -> 118 | E10: =SUMIFS('[1]Rincian Keluar'!$G:$G,'[1]Rincian Keluar'!$E:$E,'RIDHO 01'!C10,'[1]Rincian Keluar'!$D:$D,'RIDHO 01'!$D$1,'[1]Rincian Keluar'!$H:$H,'RIDHO 01'!$J$1,'[1]Rincian Keluar'!$F:$F,'RIDHO 01'!M10) -> 89 | F10: 8000 | G10: =E10*F10 -> 712000 | M10: =$C$6 -> PONDASI
B11: 5 | C11: Papan Mal | D11: =IFERROR(HLOOKUP($J$1,[1]DB!$C$1:$K$172,11,FALSE),"") -> 262 | E11: =SUMIFS('[1]Rincian Keluar'!$G:$G,'[1]Rincian Keluar'!$E:$E,'RIDHO 01'!C11,'[1]Rincian Keluar'!$D:$D,'RIDHO 01'!$D$1,'[1]Rincian Keluar'!$H:$H,'RIDHO 01'!$J$1,'[1]Rincian Keluar'!$F:$F,'RIDHO 01'!M11) -> 197 | F11: 11000 | G11: =E11*F11 -> 2167000 | M11: =$C$6 -> PONDASI
B12: 6 | C12: Pasir | D12: =IFERROR(HLOOKUP($J$1,[1]DB!$C$1:$K$172,12,FALSE),"") -> 21 | E12: =SUMIFS('[1]Rincian Keluar'!$G:$G,'[1]Rincian Keluar'!$E:$E,'RIDHO 01'!C12,'[1]Rincian Keluar'!$D:$D,'RIDHO 01'!$D$1,'[1]Rincian Keluar'!$H:$H,'RIDHO 01'!$J$1,'[1]Rincian Keluar'!$F:$F,'RIDHO 01'!M12) -> 17 | F12: 150000 | G12: =E12*F12 -> 2550000 | M12: =$C$6 -> PONDASI
B13: 7 | C13: Batu | D13: =IFERROR(HLOOKUP($J$1,[1]DB!$C$1:$K$172,13,FALSE),"") -> 3 | E13: =SUMIFS('[1]Rincian Keluar'!$G:$G,'[1]Rincian Keluar'!$E:$E,'RIDHO 01'!C13,'[1]Rincian Keluar'!$D:$D,'RIDHO 01'!$D$1,'[1]Rincian Keluar'!$H:$H,'RIDHO 01'!$J$1,'[1]Rincian Keluar'!$F:$F,'RIDHO 01'!M13) -> 3 | F13: 500000 | G13: =E13*F13 -> 1500000 | M13: =$C$6 -> PONDASI
B14: 8 | C14: Semen PCC 40 Kg Tiga Roda | D14: =IFERROR(HLOOKUP($J$1,[1]DB!$C$1:$K$172,14,FALSE),"") -> 62 | E14: =SUMIFS('[1]Rincian Keluar'!$G:$G,'[1]Rincian Keluar'!$E:$E,'RIDHO 01'!C14,'[1]Rincian Keluar'!$D:$D,'RIDHO 01'!$D$1,'[1]Rincian Keluar'!$H:$H,'RIDHO 01'!$J$1,'[1]Rincian Keluar'!$F:$F,'RIDHO 01'!M14) -> 51 | F14: 60700 | G14: =E14*F14 -> 3095700 | M14: =$C$6 -> PONDASI
B15: B | C15: URUG
B16: 1 | C16: Pasir | D16: =IFERROR(HLOOKUP($J$1,[1]DB!$C$1:$K$172,16,FALSE),"") -> 51 | E16: =SUMIFS('[1]Rincian Keluar'!$G:$G,'[1]Rincian Keluar'!$E:$E,'RIDHO 01'!C16,'[1]Rincian Keluar'!$D:$D,'RIDHO 01'!$D$1,'[1]Rincian Keluar'!$H:$H,'RIDHO 01'!$J$1,'[1]Rincian Keluar'!$F:$F,'RIDHO 01'!M16) -> 47 | F16: 150000 | G16: =E16*F16 -> 7050000 | H16: 1087000 | I16: =IFERROR(VLOOKUP($C15,[1]HK!$B$5:$C$14,2,FALSE),"")*$J1 -> 1336000 | J16: =I16-H16 -> 249000 | K16: 1 | M16: =$C$15 -> URUG
B17: 2 | C17: Pipa 4" | D17: =IFERROR(HLOOKUP($J$1,[1]DB!$C$1:$K$172,17,FALSE),"") -> 2 | E17: =SUMIFS('[1]Rincian Keluar'!$G:$G,'[1]Rincian Keluar'!$E:$E,'RIDHO 01'!C17,'[1]Rincian Keluar'!$D:$D,'RIDHO 01'!$D$1,'[1]Rincian Keluar'!$H:$H,'RIDHO 01'!$J$1,'[1]Rincian Keluar'!$F:$F,'RIDHO 01'!M17) -> 2 | F17: 133500 | G17: =E17*F17 -> 267000 | M17: =$C$15 -> URUG
B18: 3 | C18: Pipa 2" | D18: =IFERROR(HLOOKUP($J$1,[1]DB!$C$1:$K$172,18,FALSE),"") -> 2 | E18: =SUMIFS('[1]Rincian Keluar'!$G:$G,'[1]Rincian Keluar'!$E:$E,'RIDHO 01'!C18,'[1]Rincian Keluar'!$D:$D,'RIDHO 01'!$D$1,'[1]Rincian Keluar'!$H:$H,'RIDHO 01'!$J$1,'[1]Rincian Keluar'!$F:$F,'RIDHO 01'!M18) -> 2 | F18: 48000 | G18: =E18*F18 -> 96000 | M18: =$C$15 -> URUG
B19: C | C19: COR LANTAI
B20: 1 | C20: Besi ø6 | D20: =IFERROR(HLOOKUP($J$1,[1]DB!$C$1:$K$172,20,FALSE),"") -> 25 | E20: =SUMIFS('[1]Rincian Keluar'!$G:$G,'[1]Rincian Keluar'!$E:$E,'RIDHO 01'!C20,'[1]Rincian Keluar'!$D:$D,'RIDHO 01'!$D$1,'[1]Rincian Keluar'!$H:$H,'RIDHO 01'!$J$1,'[1]Rincian Keluar'!$F:$F,'RIDHO 01'!M20) -> 25 | F20: 22000 | G20: =E20*F20 -> 550000 | H20: 879000 | I20: =IFERROR(VLOOKUP($C19,[1]HK!$B$5:$C$14,2,FALSE),"")*$J1 -> 800000 | J20: =I20-H20 -> -79000 | K20: 1 | M20: =$C$19 -> COR LANTAI
B21: 2 | C21: Pasir | D21: =IFERROR(HLOOKUP($J$1,[1]DB!$C$1:$K$172,21,FALSE),"") -> 8 | E21: =SUMIFS('[1]Rincian Keluar'!$G:$G,'[1]Rincian Keluar'!$E:$E,'RIDHO 01'!C21,'[1]Rincian Keluar'!$D:$D,'RIDHO 01'!$D$1,'[1]Rincian Keluar'!$H:$H,'RIDHO 01'!$J$1,'[1]Rincian Keluar'!$F:$F,'RIDHO 01'!M21) -> 7 | F21: 150000 | G21: =E21*F21 -> 1050000 | M21: =$C$19 -> COR LANTAI
B22: 3 | C22: Semen PCC 40 Kg Tiga Roda | D22: =IFERROR(HLOOKUP($J$1,[1]DB!$C$1:$K$172,22,FALSE),"") -> 22 | E22: =SUMIFS('[1]Rincian Keluar'!$G:$G,'[1]Rincian Keluar'!$E:$E,'RIDHO 01'!C22,'[1]Rincian Keluar'!$D:$D,'RIDHO 01'!$D$1,'[1]Rincian Keluar'!$H:$H,'RIDHO 01'!$J$1,'[1]Rincian Keluar'!$F:$F,'RIDHO 01'!M22) -> 24 | F22: 60700 | G22: =E22*F22 -> 1456800 | M22: =$C$19 -> COR LANTAI
B23: 4 | C23: Plastik cor | D23: =IFERROR(HLOOKUP($J$1,[1]DB!$C$1:$K$172,23,FALSE),"") -> 11 | E23: =SUMIFS('[1]Rincian Keluar'!$G:$G,'[1]Rincian Keluar'!$E:$E,'RIDHO 01'!C23,'[1]Rincian Keluar'!$D:$D,'RIDHO 01'!$D$1,'[1]Rincian Keluar'!$H:$H,'RIDHO 01'!$J$1,'[1]Rincian Keluar'!$F:$F,'RIDHO 01'!M23) -> 8 | F23: 15000 | G23: =E23*F23 -> 120000 | M23: =$C$19 -> COR LANTAI
B24: D | C24: PINTU
B25: 1 | C25: Pintu Kayu 120 x 220 | D25: =IFERROR(HLOOKUP($J$1,[1]DB!$C$1:$K$172,25,FALSE),"") -> 2 | E25: =SUMIFS('[1]Rincian Keluar'!$G:$G,'[1]Rincian Keluar'!$E:$E,'RIDHO 01'!C25,'[1]Rincian Keluar'!$D:$D,'RIDHO 01'!$D$1,'[1]Rincian Keluar'!$H:$H,'RIDHO 01'!$J$1,'[1]Rincian Keluar'!$F:$F,'RIDHO 01'!M25) -> 0 | F25: 1550000 | G25: =E25*F25 -> 0 | I25: =IFERROR(VLOOKUP($C24,[1]HK!$B$5:$C$14,2,FALSE),"")*$J1 -> #VALUE! | M25: =$C$24 -> PINTU
B26: 2 | C26: Pintu Kayu 80 x 220 | D26: =IFERROR(HLOOKUP($J$1,[1]DB!$C$1:$K$172,26,FALSE),"") -> 3 | E26: =SUMIFS('[1]Rincian Keluar'!$G:$G,'[1]Rincian Keluar'!$E:$E,'RIDHO 01'!C26,'[1]Rincian Keluar'!$D:$D,'RIDHO 01'!$D$1,'[1]Rincian Keluar'!$H:$H,'RIDHO 01'!$J$1,'[1]Rincian Keluar'!$F:$F,'RIDHO 01'!M26) -> 0 | F26: 775000 | G26: =E26*F26 -> 0 | M26: =$C$24 -> PINTU
B27: 3 | C27: Pintu WC PVC Biru | D27: =IFERROR(HLOOKUP($J$1,[1]DB!$C$1:$K$172,27,FALSE),"") -> 2 | E27: =SUMIFS('[1]Rincian Keluar'!$G:$G,'[1]Rincian Keluar'!$E:$E,'RIDHO 01'!C27,'[1]Rincian Keluar'!$D:$D,'RIDHO 01'!$D$1,'[1]Rincian Keluar'!$H:$H,'RIDHO 01'!$J$1,'[1]Rincian Keluar'!$F:$F,'RIDHO 01'!M27) -> 0 | F27: 260000 | G27: =E27*F27 -> 0 | M27: =$C$24 -> PINTU
B28: 4 | C28: Pintu WC Edenjoice Putih | D28: =IFERROR(HLOOKUP($J$1,[1]DB!$C$1:$K$172,28,FALSE),"") -> 1 | E28: =SUMIFS('[1]Rincian Keluar'!$G:$G,'[1]Rincian Keluar'!$E:$E,'RIDHO 01'!C28,'[1]Rincian Keluar'!$D:$D,'RIDHO 01'!$D$1,'[1]Rincian Keluar'!$H:$H,'RIDHO 01'!$J$1,'[1]Rincian Keluar'!$F:$F,'RIDHO 01'!M28) -> 0 | F28: 799000 | G28: =E28*F28 -> 0 | M28: =$C$24 -> PINTU
B29: 5 | C29: Engsel Pintu 4" | D29: =IFERROR(HLOOKUP($J$1,[1]DB!$C$1:$K$172,29,FALSE),"") -> 15 | E29: =SUMIFS('[1]Rincian Keluar'!$G:$G,'[1]Rincian Keluar'!$E:$E,'RIDHO 01'!C29,'[1]Rincian Keluar'!$D:$D,'RIDHO 01'!$D$1,'[1]Rincian Keluar'!$H:$H,'RIDHO 01'!$J$1,'[1]Rincian Keluar'!$F:$F,'RIDHO 01'!M29) -> 0 | F29: 15000 | G29: =E29*F29 -> 0 | M29: =$C$24 -> PINTU
B30: 6 | C30: Peganggan pintu 2 daun | D30: =IFERROR(HLOOKUP($J$1,[1]DB!$C$1:$K$172,30,FALSE),"") -> 2 | E30: =SUMIFS('[1]Rincian Keluar'!$G:$G,'[1]Rincian Keluar'!$E:$E,'RIDHO 01'!C30,'[1]Rincian Keluar'!$D:$D,'RIDHO 01'!$D$1,'[1]Rincian Keluar'!$H:$H,'RIDHO 01'!$J$1,'[1]Rincian Keluar'!$F:$F,'RIDHO 01'!M30) -> 0 | F30: 100000 | G30: =E30*F30 -> 0 | M30: =$C$24 -> PINTU
B31: 7 | C31: Pengunci Pintu 2 daun | D31: =IFERROR(HLOOKUP($J$1,[1]DB!$C$1:$K$172,31,FALSE),"") -> 1 | E31: =SUMIFS('[1]Rincian Keluar'!$G:$G,'[1]Rincian Keluar'!$E:$E,'RIDHO 01'!C31,'[1]Rincian Keluar'!$D:$D,'RIDHO 01'!$D$1,'[1]Rincian Keluar'!$H:$H,'RIDHO 01'!$J$1,'[1]Rincian Keluar'!$F:$F,'RIDHO 01'!M31) -> 0 | F31: 60000 | G31: =E31*F31 -> 0 | M31: =$C$24 -> PINTU
B32: 8 | C32: Pegangan kunci 1 daun | D32: =IFERROR(HLOOKUP($J$1,[1]DB!$C$1:$K$172,32,FALSE),"") -> 3 | E32: =SUMIFS('[1]Rincian Keluar'!$G:$G,'[1]Rincian Keluar'!$E:$E,'RIDHO 01'!C32,'[1]Rincian Keluar'!$D:$D,'RIDHO 01'!$D$1,'[1]Rincian Keluar'!$H:$H,'RIDHO 01'!$J$1,'[1]Rincian Keluar'!$F:$F,'RIDHO 01'!M32) -> 0 | F32: 65000 | G32: =E32*F32 -> 0 | M32: =$C$24 -> PINTU
B33: 9 | C33: Avian | D33: =IFERROR(HLOOKUP($J$1,[1]DB!$C$1:$K$172,33,FALSE),"") -> 4 | E33: =SUMIFS('[1]Rincian Keluar'!$G:$G,'[1]Rincian Keluar'!$E:$E,'RIDHO 01'!C33,'[1]Rincian Keluar'!$D:$D,'RIDHO 01'!$D$1,'[1]Rincian Keluar'!$H:$H,'RIDHO 01'!$J$1,'[1]Rincian Keluar'!$F:$F,'RIDHO 01'!M33) -> 0 | F33: 83000 | G33: =E33*F33 -> 0 | M33: =$C$24 -> PINTU
B34: 10 | C34: Tinner Nb Kaleng | D34: =IFERROR(HLOOKUP($J$1,[1]DB!$C$1:$K$172,34,FALSE),"") -> 2 | E34: =SUMIFS('[1]Rincian Keluar'!$G:$G,'[1]Rincian Keluar'!$E:$E,'RIDHO 01'!C34,'[1]Rincian Keluar'!$D:$D,'RIDHO 01'!$D$1,'[1]Rincian Keluar'!$H:$H,'RIDHO 01'!$J$1,'[1]Rincian Keluar'!$F:$F,'RIDHO 01'!M34) -> 0 | F34: 23000 | G34: =E34*F34 -> 0 | M34: =$C$24 -> PINTU
B35: 11 | C35: Slot 6 " | D35: =IFERROR(HLOOKUP($J$1,[1]DB!$C$1:$K$172,35,FALSE),"") -> 1 | E35: =SUMIFS('[1]Rincian Keluar'!$G:$G,'[1]Rincian Keluar'!$E:$E,'RIDHO 01'!C35,'[1]Rincian Keluar'!$D:$D,'RIDHO 01'!$D$1,'[1]Rincian Keluar'!$H:$H,'RIDHO 01'!$J$1,'[1]Rincian Keluar'!$F:$F,'RIDHO 01'!M35) -> 0 | F35: 17000 | G35: =E35*F35 -> 0 | M35: =$C$24 -> PINTU
B36: 12 | C36: Slot 4" | D36: =IFERROR(HLOOKUP($J$1,[1]DB!$C$1:$K$172,36,FALSE),"") -> 1 | E36: =SUMIFS('[1]Rincian Keluar'!$G:$G,'[1]Rincian Keluar'!$E:$E,'RIDHO 01'!C36,'[1]Rincian Keluar'!$D:$D,'RIDHO 01'!$D$1,'[1]Rincian Keluar'!$H:$H,'RIDHO 01'!$J$1,'[1]Rincian Keluar'!$F:$F,'RIDHO 01'!M36) -> 0 | F36: 11000 | G36: =E36*F36 -> 0 | M36: =$C$24 -> PINTU
B37: E | C37: BATA
B38: 1 | C38: Papan | D38: =IFERROR(HLOOKUP($J$1,[1]DB!$C$1:$K$172,38,FALSE),"") -> 38 | E38: =SUMIFS('[1]Rincian Keluar'!$G:$G,'[1]Rincian Keluar'!$E:$E,'RIDHO 01'!C38,'[1]Rincian Keluar'!$D:$D,'RIDHO 01'!$D$1,'[1]Rincian Keluar'!$H:$H,'RIDHO 01'!$J$1,'[1]Rincian Keluar'!$F:$F,'RIDHO 01'!M38) -> 0 | F38: 11000 | G38: =E38*F38 -> 0 | H38: 965000 | I38: =IFERROR(VLOOKUP($C37,[1]HK!$B$5:$C$14,2,FALSE),"")*$J1 -> 5560000 | J38: =I38-H38 -> 4595000 | K38: 1 | M38: =$C$37 -> BATA
B39: 2 | C39: Kayu 3/5 | D39: =IFERROR(HLOOKUP($J$1,[1]DB!$C$1:$K$172,39,FALSE),"") -> 41 | E39: =SUMIFS('[1]Rincian Keluar'!$G:$G,'[1]Rincian Keluar'!$E:$E,'RIDHO 01'!C39,'[1]Rincian Keluar'!$D:$D,'RIDHO 01'!$D$1,'[1]Rincian Keluar'!$H:$H,'RIDHO 01'!$J$1,'[1]Rincian Keluar'!$F:$F,'RIDHO 01'!M39) -> 0 | F39: 11000 | G39: =E39*F39 -> 0 | M39: =$C$37 -> BATA
B40: 3 | C40: Besi ø6 | D40: =IFERROR(HLOOKUP($J$1,[1]DB!$C$1:$K$172,40,FALSE),"") -> 8 | E40: =SUMIFS('[1]Rincian Keluar'!$G:$G,'[1]Rincian Keluar'!$E:$E,'RIDHO 01'!C40,'[1]Rincian Keluar'!$D:$D,'RIDHO 01'!$D$1,'[1]Rincian Keluar'!$H:$H,'RIDHO 01'!$J$1,'[1]Rincian Keluar'!$F:$F,'RIDHO 01'!M40) -> 0 | F40: 22000 | G40: =E40*F40 -> 0 | M40: =$C$37 -> BATA
B41: 4 | C41: Besi ø8 | D41: =IFERROR(HLOOKUP($J$1,[1]DB!$C$1:$K$172,41,FALSE),"") -> 14 | E41: =SUMIFS('[1]Rincian Keluar'!$G:$G,'[1]Rincian Keluar'!$E:$E,'RIDHO 01'!C41,'[1]Rincian Keluar'!$D:$D,'RIDHO 01'!$D$1,'[1]Rincian Keluar'!$H:$H,'RIDHO 01'!$J$1,'[1]Rincian Keluar'!$F:$F,'RIDHO 01'!M41) -> 0 | F41: 35000 | G41: =E41*F41 -> 0 | M41: =$C$37 -> BATA
B42: 5 | C42: Besi ø6 | D42: =IFERROR(HLOOKUP($J$1,[1]DB!$C$1:$K$172,42,FALSE),"") -> 3 | E42: =SUMIFS('[1]Rincian Keluar'!$G:$G,'[1]Rincian Keluar'!$E:$E,'RIDHO 01'!C42,'[1]Rincian Keluar'!$D:$D,'RIDHO 01'!$D$1,'[1]Rincian Keluar'!$H:$H,'RIDHO 01'!$J$1,'[1]Rincian Keluar'!$F:$F,'RIDHO 01'!M42) -> 0 | F42: =F40 -> 22000 | G42: =E42*F42 -> 0 | M42: =$C$37 -> BATA
B43: 6 | C43: Kusen Pintu ( 2 Daun ) | D43: =IFERROR(HLOOKUP($J$1,[1]DB!$C$1:$K$172,43,FALSE),"") -> 1 | E43: =SUMIFS('[1]Rincian Keluar'!$G:$G,'[1]Rincian Keluar'!$E:$E,'RIDHO 01'!C43,'[1]Rincian Keluar'!$D:$D,'RIDHO 01'!$D$1,'[1]Rincian Keluar'!$H:$H,'RIDHO 01'!$J$1,'[1]Rincian Keluar'!$F:$F,'RIDHO 01'!M43) -> 0 | F43: 363250 | G43: =E43*F43 -> 0 | M43: =$C$37 -> BATA
B44: 7 | C44: Kusen Pintu ( 1 Daun ) | D44: =IFERROR(HLOOKUP($J$1,[1]DB!$C$1:$K$172,44,FALSE),"") -> 3 | E44: =SUMIFS('[1]Rincian Keluar'!$G:$G,'[1]Rincian Keluar'!$E:$E,'RIDHO 01'!C44,'[1]Rincian Keluar'!$D:$D,'RIDHO 01'!$D$1,'[1]Rincian Keluar'!$H:$H,'RIDHO 01'!$J$1,'[1]Rincian Keluar'!$F:$F,'RIDHO 01'!M44) -> 0 | F44: 337050 | G44: =E44*F44 -> 0 | M44: =$C$37 -> BATA
B45: 8 | C45: Bata | D45: =IFERROR(HLOOKUP($J$1,[1]DB!$C$1:$K$172,45,FALSE),"") -> 3727 | E45: =SUMIFS('[1]Rincian Keluar'!$G:$G,'[1]Rincian Keluar'!$E:$E,'RIDHO 01'!C45,'[1]Rincian Keluar'!$D:$D,'RIDHO 01'!$D$1,'[1]Rincian Keluar'!$H:$H,'RIDHO 01'!$J$1,'[1]Rincian Keluar'!$F:$F,'RIDHO 01'!M45) -> 0 | F45: 1850 | G45: =E45*F45 -> 0 | M45: =$C$37 -> BATA
B46: 9 | C46: Semen PCC 40 Kg Tiga Roda | D46: =IFERROR(HLOOKUP($J$1,[1]DB!$C$1:$K$172,46,FALSE),"") -> 31 | E46: =SUMIFS('[1]Rincian Keluar'!$G:$G,'[1]Rincian Keluar'!$E:$E,'RIDHO 01'!C46,'[1]Rincian Keluar'!$D:$D,'RIDHO 01'!$D$1,'[1]Rincian Keluar'!$H:$H,'RIDHO 01'!$J$1,'[1]Rincian Keluar'!$F:$F,'RIDHO 01'!M46) -> 4 | F46: 60700 | G46: =E46*F46 -> 242800 | M46: =$C$37 -> BATA
B47: 10 | C47: Pasir | D47: =IFERROR(HLOOKUP($J$1,[1]DB!$C$1:$K$172,47,FALSE),"") -> 8 | E47: =SUMIFS('[1]Rincian Keluar'!$G:$G,'[1]Rincian Keluar'!$E:$E,'RIDHO 01'!C47,'[1]Rincian Keluar'!$D:$D,'RIDHO 01'!$D$1,'[1]Rincian Keluar'!$H:$H,'RIDHO 01'!$J$1,'[1]Rincian Keluar'!$F:$F,'RIDHO 01'!M47) -> 1 | F47: 150000 | G47: =E47*F47 -> 150000 | M47: =$C$37 -> BATA
B48: 11 | C48: Besi ø6 | D48: =IFERROR(HLOOKUP($J$1,[1]DB!$C$1:$K$172,48,FALSE),"") -> 8 | E48: =SUMIFS('[1]Rincian Keluar'!$G:$G,'[1]Rincian Keluar'!$E:$E,'RIDHO 01'!C48,'[1]Rincian Keluar'!$D:$D,'RIDHO 01'!$D$1,'[1]Rincian Keluar'!$H:$H,'RIDHO 01'!$J$1,'[1]Rincian Keluar'!$F:$F,'RIDHO 01'!M48) -> 0 | F48: =F7 -> 21500 | G48: =E48*F48 -> 0 | M48: =$C$37 -> BATA
B49: F | C49: Cor Tiang Depan | M49: =$C$37 -> BATA
B50: 1 | C50: Semen PCC 40 Kg Tiga Roda | D50: =IFERROR(HLOOKUP($J$1,[1]DB!$C$1:$K$172,50,FALSE),"") -> 8 | E50: =SUMIFS('[1]Rincian Keluar'!$G:$G,'[1]Rincian Keluar'!$E:$E,'RIDHO 01'!C50,'[1]Rincian Keluar'!$D:$D,'RIDHO 01'!$D$1,'[1]Rincian Keluar'!$H:$H,'RIDHO 01'!$J$1,'[1]Rincian Keluar'!$F:$F,'RIDHO 01'!M50) -> 4 | F50: 60700 | G50: =E50*F50 -> 242800 | M50: =$C$37 -> BATA
B51: 2 | C51: Pasir | D51: =IFERROR(HLOOKUP($J$1,[1]DB!$C$1:$K$172,51,FALSE),"") -> 2 | E51: =SUMIFS('[1]Rincian Keluar'!$G:$G,'[1]Rincian Keluar'!$E:$E,'RIDHO 01'!C51,'[1]Rincian Keluar'!$D:$D,'RIDHO 01'!$D$1,'[1]Rincian Keluar'!$H:$H,'RIDHO 01'!$J$1,'[1]Rincian Keluar'!$F:$F,'RIDHO 01'!M51) -> 1 | F51: 150000 | G51: =E51*F51 -> 150000 | M51: =$C$37 -> BATA
B52: 3 | C52: Batu | D52: =IFERROR(HLOOKUP($J$1,[1]DB!$C$1:$K$172,52,FALSE),"") -> 3 | E52: =SUMIFS('[1]Rincian Keluar'!$G:$G,'[1]Rincian Keluar'!$E:$E,'RIDHO 01'!C52,'[1]Rincian Keluar'!$D:$D,'RIDHO 01'!$D$1,'[1]Rincian Keluar'!$H:$H,'RIDHO 01'!$J$1,'[1]Rincian Keluar'!$F:$F,'RIDHO 01'!M52) -> 0 | G52: =E52*F52 -> 0 | M52: =$C$37 -> BATA
B53: 4 | C53: Besi ø6 | D53: =IFERROR(HLOOKUP($J$1,[1]DB!$C$1:$K$172,53,FALSE),"") -> 5 | E53: =SUMIFS('[1]Rincian Keluar'!$G:$G,'[1]Rincian Keluar'!$E:$E,'RIDHO 01'!C53,'[1]Rincian Keluar'!$D:$D,'RIDHO 01'!$D$1,'[1]Rincian Keluar'!$H:$H,'RIDHO 01'!$J$1,'[1]Rincian Keluar'!$F:$F,'RIDHO 01'!M53) -> 0 | F53: 22000 | G53: =E53*F53 -> 0 | M53: =$C$37 -> BATA
B54: 5 | C54: Besi ø8 | D54: =IFERROR(HLOOKUP($J$1,[1]DB!$C$1:$K$172,54,FALSE),"") -> 6 | E54: =SUMIFS('[1]Rincian Keluar'!$G:$G,'[1]Rincian Keluar'!$E:$E,'RIDHO 01'!C54,'[1]Rincian Keluar'!$D:$D,'RIDHO 01'!$D$1,'[1]Rincian Keluar'!$H:$H,'RIDHO 01'!$J$1,'[1]Rincian Keluar'!$F:$F,'RIDHO 01'!M54) -> 0 | F54: 35000 | G54: =E54*F54 -> 0 | M54: =$C$37 -> BATA
B55: 6 | C55: Multiplek | D55: =IFERROR(HLOOKUP($J$1,[1]DB!$C$1:$K$172,55,FALSE),"") -> 2 | E55: =SUMIFS('[1]Rincian Keluar'!$G:$G,'[1]Rincian Keluar'!$E:$E,'RIDHO 01'!C55,'[1]Rincian Keluar'!$D:$D,'RIDHO 01'!$D$1,'[1]Rincian Keluar'!$H:$H,'RIDHO 01'!$J$1,'[1]Rincian Keluar'!$F:$F,'RIDHO 01'!M55) -> 0 | F55: 130000 | G55: =E55*F55 -> 0 | M55: =$C$37 -> BATA
B56: 7 | C56: Kayu 3/5 | D56: =IFERROR(HLOOKUP($J$1,[1]DB!$C$1:$K$172,56,FALSE),"") -> 32 | E56: =SUMIFS('[1]Rincian Keluar'!$G:$G,'[1]Rincian Keluar'!$E:$E,'RIDHO 01'!C56,'[1]Rincian Keluar'!$D:$D,'RIDHO 01'!$D$1,'[1]Rincian Keluar'!$H:$H,'RIDHO 01'!$J$1,'[1]Rincian Keluar'!$F:$F,'RIDHO 01'!M56) -> 0 | F56: 11000 | G56: =E56*F56 -> 0 | M56: =$C$37 -> BATA
B57: 8 | C57: Bata | D57: =IFERROR(HLOOKUP($J$1,[1]DB!$C$1:$K$172,57,FALSE),"") -> 118 | E57: =SUMIFS('[1]Rincian Keluar'!$G:$G,'[1]Rincian Keluar'!$E:$E,'RIDHO 01'!C57,'[1]Rincian Keluar'!$D:$D,'RIDHO 01'!$D$1,'[1]Rincian Keluar'!$H:$H,'RIDHO 01'!$J$1,'[1]Rincian Keluar'!$F:$F,'RIDHO 01'!M57) -> 0 | F57: 1850 | G57: =E57*F57 -> 0 | M57: =$C$37 -> BATA
B58: 9 | C58: Cerucuk | D58: =IFERROR(HLOOKUP($J$1,[1]DB!$C$1:$K$172,58,FALSE),"") -> 12 | E58: =SUMIFS('[1]Rincian Keluar'!$G:$G,'[1]Rincian Keluar'!$E:$E,'RIDHO 01'!C58,'[1]Rincian Keluar'!$D:$D,'RIDHO 01'!$D$1,'[1]Rincian Keluar'!$H:$H,'RIDHO 01'!$J$1,'[1]Rincian Keluar'!$F:$F,'RIDHO 01'!M58) -> 0 | F58: 8000 | G58: =E58*F58 -> 0 | M58: =$C$37 -> BATA
B59: 10 | C59: Papan Mal | D59: =IFERROR(HLOOKUP($J$1,[1]DB!$C$1:$K$172,59,FALSE),"") -> 11 | E59: =SUMIFS('[1]Rincian Keluar'!$G:$G,'[1]Rincian Keluar'!$E:$E,'RIDHO 01'!C59,'[1]Rincian Keluar'!$D:$D,'RIDHO 01'!$D$1,'[1]Rincian Keluar'!$H:$H,'RIDHO 01'!$J$1,'[1]Rincian Keluar'!$F:$F,'RIDHO 01'!M59) -> 0 | F59: 11000 | G59: =E59*F59 -> 0 | M59: =$C$37 -> BATA
B60: G | C60: PLASTER
B61: 1 | C61: Semen PCC 40 Kg Tiga Roda | D61: =IFERROR(HLOOKUP($J$1,[1]DB!$C$1:$K$172,61,FALSE),"") -> 56 | E61: =SUMIFS('[1]Rincian Keluar'!$G:$G,'[1]Rincian Keluar'!$E:$E,'RIDHO 01'!C61,'[1]Rincian Keluar'!$D:$D,'RIDHO 01'!$D$1,'[1]Rincian Keluar'!$H:$H,'RIDHO 01'!$J$1,'[1]Rincian Keluar'!$F:$F,'RIDHO 01'!M61) -> 53 | F61: 60700 | G61: =E61*F61 -> 3217100 | H61: 4687500 | I61: =IFERROR(VLOOKUP($C60,[1]HK!$B$5:$C$14,2,FALSE),"")*$J1 -> 5000000 | J61: =I61-H61 -> 312500 | K61: 0.95 | M61: =$C$60 -> PLASTER
B62: 2 | C62: Pasir | D62: =IFERROR(HLOOKUP($J$1,[1]DB!$C$1:$K$172,62,FALSE),"") -> 12 | E62: =SUMIFS('[1]Rincian Keluar'!$G:$G,'[1]Rincian Keluar'!$E:$E,'RIDHO 01'!C62,'[1]Rincian Keluar'!$D:$D,'RIDHO 01'!$D$1,'[1]Rincian Keluar'!$H:$H,'RIDHO 01'!$J$1,'[1]Rincian Keluar'!$F:$F,'RIDHO 01'!M62) -> 10 | F62: 150000 | G62: =E62*F62 -> 1500000 | M62: =$C$60 -> PLASTER
B63: 3 | C63: Pipa 5/8 | D63: =IFERROR(HLOOKUP($J$1,[1]DB!$C$1:$K$172,63,FALSE),"") -> 11 | E63: =SUMIFS('[1]Rincian Keluar'!$G:$G,'[1]Rincian Keluar'!$E:$E,'RIDHO 01'!C63,'[1]Rincian Keluar'!$D:$D,'RIDHO 01'!$D$1,'[1]Rincian Keluar'!$H:$H,'RIDHO 01'!$J$1,'[1]Rincian Keluar'!$F:$F,'RIDHO 01'!M63) -> 8 | F63: 8600 | G63: =E63*F63 -> 68800 | M63: =$C$60 -> PLASTER
B64: H | C64: ATAP
B65: 1 | C65: Kayu 3/5 | D65: =IFERROR(HLOOKUP($J$1,[1]DB!$C$1:$K$172,65,FALSE),"") -> 96 | E65: =SUMIFS('[1]Rincian Keluar'!$G:$G,'[1]Rincian Keluar'!$E:$E,'RIDHO 01'!C65,'[1]Rincian Keluar'!$D:$D,'RIDHO 01'!$D$1,'[1]Rincian Keluar'!$H:$H,'RIDHO 01'!$J$1,'[1]Rincian Keluar'!$F:$F,'RIDHO 01'!M65) -> 145 | F65: 11000 | G65: =E65*F65 -> 1595000 | H65: 3732800 | I65: =IFERROR(VLOOKUP($C64,[1]HK!$B$5:$C$14,2,FALSE),"")*$J1 -> 2672000 | J65: =I65-H65 -> -1060800 | K65: 1 | M65: =$C$64 -> ATAP
B66: 2 | C66: Kayu 4/6 | D66: =IFERROR(HLOOKUP($J$1,[1]DB!$C$1:$K$172,66,FALSE),"") -> 64 | E66: =SUMIFS('[1]Rincian Keluar'!$G:$G,'[1]Rincian Keluar'!$E:$E,'RIDHO 01'!C66,'[1]Rincian Keluar'!$D:$D,'RIDHO 01'!$D$1,'[1]Rincian Keluar'!$H:$H,'RIDHO 01'!$J$1,'[1]Rincian Keluar'!$F:$F,'RIDHO 01'!M66) -> 112 | F66: 15000 | G66: =E66*F66 -> 1680000 | M66: =$C$64 -> ATAP
B67: 3 | C67: Kayu 5/7 | D67: =IFERROR(HLOOKUP($J$1,[1]DB!$C$1:$K$172,67,FALSE),"") -> 47 | E67: =SUMIFS('[1]Rincian Keluar'!$G:$G,'[1]Rincian Keluar'!$E:$E,'RIDHO 01'!C67,'[1]Rincian Keluar'!$D:$D,'RIDHO 01'!$D$1,'[1]Rincian Keluar'!$H:$H,'RIDHO 01'!$J$1,'[1]Rincian Keluar'!$F:$F,'RIDHO 01'!M67) -> 55 | F67: 30000 | G67: =E67*F67 -> 1650000 | M67: =$C$64 -> ATAP
B68: 4 | C68: Lisplank | D68: =IFERROR(HLOOKUP($J$1,[1]DB!$C$1:$K$172,68,FALSE),"") -> 15 | E68: =SUMIFS('[1]Rincian Keluar'!$G:$G,'[1]Rincian Keluar'!$E:$E,'RIDHO 01'!C68,'[1]Rincian Keluar'!$D:$D,'RIDHO 01'!$D$1,'[1]Rincian Keluar'!$H:$H,'RIDHO 01'!$J$1,'[1]Rincian Keluar'!$F:$F,'RIDHO 01'!M68) -> 10 | F68: 60000 | G68: =E68*F68 -> 600000 | M68: =$C$64 -> ATAP
B69: 5 | C69: Seng Metal 4 Susun (merah) | D69: =IFERROR(HLOOKUP($J$1,[1]DB!$C$1:$K$172,69,FALSE),"") -> 110 | E69: =SUMIFS('[1]Rincian Keluar'!$G:$G,'[1]Rincian Keluar'!$E:$E,'RIDHO 01'!C69,'[1]Rincian Keluar'!$D:$D,'RIDHO 01'!$D$1,'[1]Rincian Keluar'!$H:$H,'RIDHO 01'!$J$1,'[1]Rincian Keluar'!$F:$F,'RIDHO 01'!M69) -> 116 | F69: 52000 | G69: =E69*F69 -> 6032000 | M69: =$C$64 -> ATAP
B70: 6 | C70: Seng Metal 2 Susun (hitam) | D70: =IFERROR(HLOOKUP($J$1,[1]DB!$C$1:$K$172,70,FALSE),"") -> 0 | E70: =SUMIFS('[1]Rincian Keluar'!$G:$G,'[1]Rincian Keluar'!$E:$E,'RIDHO 01'!C70,'[1]Rincian Keluar'!$D:$D,'RIDHO 01'!$D$1,'[1]Rincian Keluar'!$H:$H,'RIDHO 01'!$J$1,'[1]Rincian Keluar'!$F:$F,'RIDHO 01'!M70) -> 0 | F70: 36000 | G70: =E70*F70 -> 0 | M70: =$C$64 -> ATAP
B71: 7 | C71: Perabung Hitam | D71: =IFERROR(HLOOKUP($J$1,[1]DB!$C$1:$K$172,71,FALSE),"") -> 0 | E71: =SUMIFS('[1]Rincian Keluar'!$G:$G,'[1]Rincian Keluar'!$E:$E,'RIDHO 01'!C71,'[1]Rincian Keluar'!$D:$D,'RIDHO 01'!$D$1,'[1]Rincian Keluar'!$H:$H,'RIDHO 01'!$J$1,'[1]Rincian Keluar'!$F:$F,'RIDHO 01'!M71) -> 0 | F71: 50000 | G71: =E71*F71 -> 0 | M71: =$C$64 -> ATAP
B72: 8 | C72: Perabung Merah | D72: =IFERROR(HLOOKUP($J$1,[1]DB!$C$1:$K$172,72,FALSE),"") -> 1.5 | E72: =SUMIFS('[1]Rincian Keluar'!$G:$G,'[1]Rincian Keluar'!$E:$E,'RIDHO 01'!C72,'[1]Rincian Keluar'!$D:$D,'RIDHO 01'!$D$1,'[1]Rincian Keluar'!$H:$H,'RIDHO 01'!$J$1,'[1]Rincian Keluar'!$F:$F,'RIDHO 01'!M72) -> 1.5 | F72: 650000 | G72: =E72*F72 -> 975000 | M72: =$C$64 -> ATAP
B73: 9 | C73: Paku 2 inch | D73: =IFERROR(HLOOKUP($J$1,[1]DB!$C$1:$K$172,73,FALSE),"") -> 2 | E73: =SUMIFS('[1]Rincian Keluar'!$G:$G,'[1]Rincian Keluar'!$E:$E,'RIDHO 01'!C73,'[1]Rincian Keluar'!$D:$D,'RIDHO 01'!$D$1,'[1]Rincian Keluar'!$H:$H,'RIDHO 01'!$J$1,'[1]Rincian Keluar'!$F:$F,'RIDHO 01'!M73) -> 1 | F73: 130000 | G73: =E73*F73 -> 130000 | M73: =$C$64 -> ATAP
B74: 10 | C74: Paku 3 inch | D74: =IFERROR(HLOOKUP($J$1,[1]DB!$C$1:$K$172,74,FALSE),"") -> 2 | E74: =SUMIFS('[1]Rincian Keluar'!$G:$G,'[1]Rincian Keluar'!$E:$E,'RIDHO 01'!C74,'[1]Rincian Keluar'!$D:$D,'RIDHO 01'!$D$1,'[1]Rincian Keluar'!$H:$H,'RIDHO 01'!$J$1,'[1]Rincian Keluar'!$F:$F,'RIDHO 01'!M74) -> 1 | F74: 130000 | G74: =E74*F74 -> 130000 | M74: =$C$64 -> ATAP
B75: I | C75: DEK
B76: 1 | C76: Kayu 3/5 | D76: =IFERROR(HLOOKUP($J$1,[1]DB!$C$1:$K$172,76,FALSE),"") -> 139 | E76: =SUMIFS('[1]Rincian Keluar'!$G:$G,'[1]Rincian Keluar'!$E:$E,'RIDHO 01'!C76,'[1]Rincian Keluar'!$D:$D,'RIDHO 01'!$D$1,'[1]Rincian Keluar'!$H:$H,'RIDHO 01'!$J$1,'[1]Rincian Keluar'!$F:$F,'RIDHO 01'!M76) -> 195 | F76: 11000 | G76: =E76*F76 -> 2145000 | H76: 1212496 | I76: =IFERROR(VLOOKUP($C75,[1]HK!$B$5:$C$14,2,FALSE),"")*$J1 -> 1560000 | J76: =I76-H76 -> 347504 | K76: 1 | M76: =$C$75 -> DEK
B77: 2 | C77: Gypsum | D77: =IFERROR(HLOOKUP($J$1,[1]DB!$C$1:$K$172,77,FALSE),"") -> 37 | E77: =SUMIFS('[1]Rincian Keluar'!$G:$G,'[1]Rincian Keluar'!$E:$E,'RIDHO 01'!C77,'[1]Rincian Keluar'!$D:$D,'RIDHO 01'!$D$1,'[1]Rincian Keluar'!$H:$H,'RIDHO 01'!$J$1,'[1]Rincian Keluar'!$F:$F,'RIDHO 01'!M77) -> 33 | F77: 60000 | G77: =E77*F77 -> 1980000 | M77: =$C$75 -> DEK
B78: 3 | C78: Baut | D78: =IFERROR(HLOOKUP($J$1,[1]DB!$C$1:$K$172,78,FALSE),"") -> 6 | E78: =SUMIFS('[1]Rincian Keluar'!$G:$G,'[1]Rincian Keluar'!$E:$E,'RIDHO 01'!C78,'[1]Rincian Keluar'!$D:$D,'RIDHO 01'!$D$1,'[1]Rincian Keluar'!$H:$H,'RIDHO 01'!$J$1,'[1]Rincian Keluar'!$F:$F,'RIDHO 01'!M78) -> 7 | F78: 37000 | G78: =E78*F78 -> 259000 | M78: =$C$75 -> DEK
B79: 4 | C79: Paku Beton 4 inch | D79: =IFERROR(HLOOKUP($J$1,[1]DB!$C$1:$K$172,79,FALSE),"") -> 2 | E79: =SUMIFS('[1]Rincian Keluar'!$G:$G,'[1]Rincian Keluar'!$E:$E,'RIDHO 01'!C79,'[1]Rincian Keluar'!$D:$D,'RIDHO 01'!$D$1,'[1]Rincian Keluar'!$H:$H,'RIDHO 01'!$J$1,'[1]Rincian Keluar'!$F:$F,'RIDHO 01'!M79) -> 2 | F79: 5000 | G79: =E79*F79 -> 10000 | M79: =$C$75 -> DEK
B80: 5 | C80: Paku 3 imch | D80: =IFERROR(HLOOKUP($J$1,[1]DB!$C$1:$K$172,80,FALSE),"") -> 2 | E80: =SUMIFS('[1]Rincian Keluar'!$G:$G,'[1]Rincian Keluar'!$E:$E,'RIDHO 01'!C80,'[1]Rincian Keluar'!$D:$D,'RIDHO 01'!$D$1,'[1]Rincian Keluar'!$H:$H,'RIDHO 01'!$J$1,'[1]Rincian Keluar'!$F:$F,'RIDHO 01'!M80) -> 2 | F80: 130000 | G80: =E80*F80 -> 260000 | M80: =$C$75 -> DEK
B81: 6 | C81: paku 2 inch | D81: =IFERROR(HLOOKUP($J$1,[1]DB!$C$1:$K$172,81,FALSE),"") -> 2 | E81: =SUMIFS('[1]Rincian Keluar'!$G:$G,'[1]Rincian Keluar'!$E:$E,'RIDHO 01'!C81,'[1]Rincian Keluar'!$D:$D,'RIDHO 01'!$D$1,'[1]Rincian Keluar'!$H:$H,'RIDHO 01'!$J$1,'[1]Rincian Keluar'!$F:$F,'RIDHO 01'!M81) -> 2 | F81: 130000 | G81: =E81*F81 -> 260000 | M81: =$C$75 -> DEK
B82: J | C82: MINIMALIS
B83: 1 | C83: Bata | D83: =IFERROR(HLOOKUP($J$1,[1]DB!$C$1:$K$172,83,FALSE),"") -> 175 | E83: =SUMIFS('[1]Rincian Keluar'!$G:$G,'[1]Rincian Keluar'!$E:$E,'RIDHO 01'!C83,'[1]Rincian Keluar'!$D:$D,'RIDHO 01'!$D$1,'[1]Rincian Keluar'!$H:$H,'RIDHO 01'!$J$1,'[1]Rincian Keluar'!$F:$F,'RIDHO 01'!M83) -> 140 | F83: 1850 | G83: =E83*F83 -> 259000 | H83: 1190000 | I83: =IFERROR(VLOOKUP($C82,[1]HK!$B$5:$C$20,2,FALSE),"")*$J1+504000 -> 1512000 | J83: =I83-H83 -> 322000 | K83: 1 | M83: =$C$82 -> MINIMALIS
B84: 2 | C84: Pasir | D84: =IFERROR(HLOOKUP($J$1,[1]DB!$C$1:$K$172,84,FALSE),"") -> 5 | E84: =SUMIFS('[1]Rincian Keluar'!$G:$G,'[1]Rincian Keluar'!$E:$E,'RIDHO 01'!C84,'[1]Rincian Keluar'!$D:$D,'RIDHO 01'!$D$1,'[1]Rincian Keluar'!$H:$H,'RIDHO 01'!$J$1,'[1]Rincian Keluar'!$F:$F,'RIDHO 01'!M84) -> 2 | F84: 150000 | G84: =E84*F84 -> 300000 | M84: =$C$82 -> MINIMALIS
B85: 3 | C85: Semen PCC 40 Kg Tiga Roda | D85: =IFERROR(HLOOKUP($J$1,[1]DB!$C$1:$K$172,85,FALSE),"") -> 15 | E85: =SUMIFS('[1]Rincian Keluar'!$G:$G,'[1]Rincian Keluar'!$E:$E,'RIDHO 01'!C85,'[1]Rincian Keluar'!$D:$D,'RIDHO 01'!$D$1,'[1]Rincian Keluar'!$H:$H,'RIDHO 01'!$J$1,'[1]Rincian Keluar'!$F:$F,'RIDHO 01'!M85) -> 11 | F85: 60700 | G85: =E85*F85 -> 667700 | M85: =$C$82 -> MINIMALIS
B86: 4 | C86: Keramik 60 x 60 Blackmatt | D86: =IFERROR(HLOOKUP($J$1,[1]DB!$C$1:$K$172,86,FALSE),"") -> 7 | E86: =SUMIFS('[1]Rincian Keluar'!$G:$G,'[1]Rincian Keluar'!$E:$E,'RIDHO 01'!C86,'[1]Rincian Keluar'!$D:$D,'RIDHO 01'!$D$1,'[1]Rincian Keluar'!$H:$H,'RIDHO 01'!$J$1,'[1]Rincian Keluar'!$F:$F,'RIDHO 01'!M86) -> 7 | F86: 165000 | G86: =E86*F86 -> 1155000 | M86: =$C$82 -> MINIMALIS
B87: P | C87: CARPORT
B88: 1 | C88: Semen PCC 40 Kg Tiga Roda | D88: =IFERROR(HLOOKUP($J$1,[1]DB!$C$1:$K$172,88,FALSE),"") -> 22 | E88: =SUMIFS('[1]Rincian Keluar'!$G:$G,'[1]Rincian Keluar'!$E:$E,'RIDHO 01'!C88,'[1]Rincian Keluar'!$D:$D,'RIDHO 01'!$D$1,'[1]Rincian Keluar'!$H:$H,'RIDHO 01'!$J$1,'[1]Rincian Keluar'!$F:$F,'RIDHO 01'!M88) -> 0 | F88: 60700 | G88: =E88*F88 -> 0 | I88: =IFERROR(VLOOKUP($C87,[1]HK!$B$5:$C$20,2,FALSE),"")*$J1 -> 1336000 | M88: =$C$87 -> CARPORT
B89: 2 | C89: Kayu 3/5 | D89: =IFERROR(HLOOKUP($J$1,[1]DB!$C$1:$K$172,89,FALSE),"") -> 8 | E89: =SUMIFS('[1]Rincian Keluar'!$G:$G,'[1]Rincian Keluar'!$E:$E,'RIDHO 01'!C89,'[1]Rincian Keluar'!$D:$D,'RIDHO 01'!$D$1,'[1]Rincian Keluar'!$H:$H,'RIDHO 01'!$J$1,'[1]Rincian Keluar'!$F:$F,'RIDHO 01'!M89) -> 0 | F89: 11000 | G89: =E89*F89 -> 0 | M89: =$C$87 -> CARPORT
B90: 3 | C90: Cerucuk | D90: =IFERROR(HLOOKUP($J$1,[1]DB!$C$1:$K$172,90,FALSE),"") -> 5 | E90: =SUMIFS('[1]Rincian Keluar'!$G:$G,'[1]Rincian Keluar'!$E:$E,'RIDHO 01'!C90,'[1]Rincian Keluar'!$D:$D,'RIDHO 01'!$D$1,'[1]Rincian Keluar'!$H:$H,'RIDHO 01'!$J$1,'[1]Rincian Keluar'!$F:$F,'RIDHO 01'!M90) -> 0 | F90: 8000 | G90: =E90*F90 -> 0 | M90: =$C$87 -> CARPORT
B91: 4 | C91: Papan Mal | D91: =IFERROR(HLOOKUP($J$1,[1]DB!$C$1:$K$172,91,FALSE),"") -> 10 | E91: =SUMIFS('[1]Rincian Keluar'!$G:$G,'[1]Rincian Keluar'!$E:$E,'RIDHO 01'!C91,'[1]Rincian Keluar'!$D:$D,'RIDHO 01'!$D$1,'[1]Rincian Keluar'!$H:$H,'RIDHO 01'!$J$1,'[1]Rincian Keluar'!$F:$F,'RIDHO 01'!M91) -> 0 | F91: 11000 | G91: =E91*F91 -> 0 | M91: =$C$87 -> CARPORT
B92: 5 | C92: Plastik cor | D92: =IFERROR(HLOOKUP($J$1,[1]DB!$C$1:$K$172,92,FALSE),"") -> 7 | E92: =SUMIFS('[1]Rincian Keluar'!$G:$G,'[1]Rincian Keluar'!$E:$E,'RIDHO 01'!C92,'[1]Rincian Keluar'!$D:$D,'RIDHO 01'!$D$1,'[1]Rincian Keluar'!$H:$H,'RIDHO 01'!$J$1,'[1]Rincian Keluar'!$F:$F,'RIDHO 01'!M92) -> 0 | F92: 15000 | G92: =E92*F92 -> 0 | M92: =$C$87 -> CARPORT
B93: 6 | C93: Besi ø6 | D93: =IFERROR(HLOOKUP($J$1,[1]DB!$C$1:$K$172,93,FALSE),"") -> 2 | E93: =SUMIFS('[1]Rincian Keluar'!$G:$G,'[1]Rincian Keluar'!$E:$E,'RIDHO 01'!C93,'[1]Rincian Keluar'!$D:$D,'RIDHO 01'!$D$1,'[1]Rincian Keluar'!$H:$H,'RIDHO 01'!$J$1,'[1]Rincian Keluar'!$F:$F,'RIDHO 01'!M93) -> 0 | F93: 22000 | G93: =E93*F93 -> 0 | M93: =$C$87 -> CARPORT
B94: 7 | C94: Besi ø8 | D94: =IFERROR(HLOOKUP($J$1,[1]DB!$C$1:$K$172,94,FALSE),"") -> 15 | E94: =SUMIFS('[1]Rincian Keluar'!$G:$G,'[1]Rincian Keluar'!$E:$E,'RIDHO 01'!C94,'[1]Rincian Keluar'!$D:$D,'RIDHO 01'!$D$1,'[1]Rincian Keluar'!$H:$H,'RIDHO 01'!$J$1,'[1]Rincian Keluar'!$F:$F,'RIDHO 01'!M94) -> 0 | F94: 35000 | G94: =E94*F94 -> 0 | M94: =$C$87 -> CARPORT
B95: 8 | C95: Batu | D95: =IFERROR(HLOOKUP($J$1,[1]DB!$C$1:$K$172,95,FALSE),"") -> 1 | E95: =SUMIFS('[1]Rincian Keluar'!$G:$G,'[1]Rincian Keluar'!$E:$E,'RIDHO 01'!C95,'[1]Rincian Keluar'!$D:$D,'RIDHO 01'!$D$1,'[1]Rincian Keluar'!$H:$H,'RIDHO 01'!$J$1,'[1]Rincian Keluar'!$F:$F,'RIDHO 01'!M95) -> 0 | F95: 500000 | G95: =E95*F95 -> 0 | M95: =$C$87 -> CARPORT
B96: 9 | C96: Pasir | D96: =IFERROR(HLOOKUP($J$1,[1]DB!$C$1:$K$172,96,FALSE),"") -> 6 | E96: =SUMIFS('[1]Rincian Keluar'!$G:$G,'[1]Rincian Keluar'!$E:$E,'RIDHO 01'!C96,'[1]Rincian Keluar'!$D:$D,'RIDHO 01'!$D$1,'[1]Rincian Keluar'!$H:$H,'RIDHO 01'!$J$1,'[1]Rincian Keluar'!$F:$F,'RIDHO 01'!M96) -> 0 | F96: 150000 | G96: =E96*F96 -> 0 | M96: =$C$87 -> CARPORT
B97: 10 | C97: Keramik 60 x 60 Blackmatt | D97: =IFERROR(HLOOKUP($J$1,[1]DB!$C$1:$K$172,97,FALSE),"") -> 31 | E97: =SUMIFS('[1]Rincian Keluar'!$G:$G,'[1]Rincian Keluar'!$E:$E,'RIDHO 01'!C97,'[1]Rincian Keluar'!$D:$D,'RIDHO 01'!$D$1,'[1]Rincian Keluar'!$H:$H,'RIDHO 01'!$J$1,'[1]Rincian Keluar'!$F:$F,'RIDHO 01'!M97) -> 0 | F97: 165000 | G97: =E97*F97 -> 0
B98: L | C98: KERAMIK
B99: 1 | C99: Keramik 60 x 60 Cream | D99: =IFERROR(HLOOKUP($J$1,[1]DB!$C$1:$K$172,99,FALSE),"") -> 35 | E99: =SUMIFS('[1]Rincian Keluar'!$G:$G,'[1]Rincian Keluar'!$E:$E,'RIDHO 01'!C99,'[1]Rincian Keluar'!$D:$D,'RIDHO 01'!$D$1,'[1]Rincian Keluar'!$H:$H,'RIDHO 01'!$J$1,'[1]Rincian Keluar'!$F:$F,'RIDHO 01'!M99) -> 0 | F99: 118000 | G99: =E99*F99 -> 0 | I99: =IFERROR(VLOOKUP($C98,[1]HK!$B$5:$C$20,2,FALSE),"")*$J1 -> 2224000 | M99: =$C$98 -> KERAMIK
B100: 2 | C100: Keramik 60 x 60 Blackmatt | D100: =IFERROR(HLOOKUP($J$1,[1]DB!$C$1:$K$172,100,FALSE),"") -> 14 | E100: =SUMIFS('[1]Rincian Keluar'!$G:$G,'[1]Rincian Keluar'!$E:$E,'RIDHO 01'!C100,'[1]Rincian Keluar'!$D:$D,'RIDHO 01'!$D$1,'[1]Rincian Keluar'!$H:$H,'RIDHO 01'!$J$1,'[1]Rincian Keluar'!$F:$F,'RIDHO 01'!M100) -> 0 | F100: 165000 | G100: =E100*F100 -> 0 | M100: =$C$98 -> KERAMIK
B101: 3 | C101: Pasir | D101: =IFERROR(HLOOKUP($J$1,[1]DB!$C$1:$K$172,101,FALSE),"") -> 5 | E101: =SUMIFS('[1]Rincian Keluar'!$G:$G,'[1]Rincian Keluar'!$E:$E,'RIDHO 01'!C101,'[1]Rincian Keluar'!$D:$D,'RIDHO 01'!$D$1,'[1]Rincian Keluar'!$H:$H,'RIDHO 01'!$J$1,'[1]Rincian Keluar'!$F:$F,'RIDHO 01'!M101) -> 0 | F101: 150000 | G101: =E101*F101 -> 0 | M101: =$C$98 -> KERAMIK
B102: 4 | C102: Semen PCC 40 Kg Tiga Roda | D102: =IFERROR(HLOOKUP($J$1,[1]DB!$C$1:$K$172,102,FALSE),"") -> 24 | E102: =SUMIFS('[1]Rincian Keluar'!$G:$G,'[1]Rincian Keluar'!$E:$E,'RIDHO 01'!C102,'[1]Rincian Keluar'!$D:$D,'RIDHO 01'!$D$1,'[1]Rincian Keluar'!$H:$H,'RIDHO 01'!$J$1,'[1]Rincian Keluar'!$F:$F,'RIDHO 01'!M102) -> 0 | F102: 60700 | G102: =E102*F102 -> 0 | M102: =$C$98 -> KERAMIK
...

Sheet SUKABASUKI
B1: LOKASI | D1: SUKABASUKI | H1: TYPE | J1: 100
B4: No. | C4: URAIAN PEKERJAAN | D4: BAHAN | F4: HARGA BAHAN | G4: TOTAL HARGA | H4: UPAH | I4: BORONGAN | J4: UNTUNG/RUGI | K4: PROGRES
D5: BAKU | E5: OUT | F5: ( Rp ) | G5: ( Rp )
B6: A | C6: PONDASI
B7: 1 | C7: Besi ø6 | D7: =IFERROR(HLOOKUP($J$1,[1]DB!$C$1:$K$172,7,FALSE),"") -> 24 | E7: =SUMIFS('[1]Rincian Keluar'!$G:$G,'[1]Rincian Keluar'!$E:$E,SUKABASUKI!C7,'[1]Rincian Keluar'!$D:$D,SUKABASUKI!$D$1,'[1]Rincian Keluar'!$H:$H,SUKABASUKI!$J$1,'[1]Rincian Keluar'!$F:$F,SUKABASUKI!M7) -> 0 | F7: 21500 | G7: =E7*F7 -> 0 | H7: 3880600 | I7: =IFERROR(VLOOKUP($C6,[1]HK!$B$5:$C$14,2,FALSE),"")*$J1 -> 4170000 | J7: =I7-H7 -> 289400 | K7: 1 | M7: =$C$6 -> PONDASI
B8: 2 | C8: Besi ø8 Ulir | D8: =IFERROR(HLOOKUP($J$1,[1]DB!$C$1:$K$172,8,FALSE),"") -> 82 | E8: =SUMIFS('[1]Rincian Keluar'!$G:$G,'[1]Rincian Keluar'!$E:$E,SUKABASUKI!C8,'[1]Rincian Keluar'!$D:$D,SUKABASUKI!$D$1,'[1]Rincian Keluar'!$H:$H,SUKABASUKI!$J$1,'[1]Rincian Keluar'!$F:$F,SUKABASUKI!M8) -> 0 | F8: 49000 | G8: =E8*F8 -> 0 | M8: =$C$6 -> PONDASI
B9: 3 | C9: Kayu 3/5 | D9: =IFERROR(HLOOKUP($J$1,[1]DB!$C$1:$K$172,9,FALSE),"") -> 70 | E9: =SUMIFS('[1]Rincian Keluar'!$G:$G,'[1]Rincian Keluar'!$E:$E,SUKABASUKI!C9,'[1]Rincian Keluar'!$D:$D,SUKABASUKI!$D$1,'[1]Rincian Keluar'!$H:$H,SUKABASUKI!$J$1,'[1]Rincian Keluar'!$F:$F,SUKABASUKI!M9) -> 0 | F9: 11000 | G9: =E9*F9 -> 0 | M9: =$C$6 -> PONDASI
B10: 4 | C10: Cerucuk | D10: =IFERROR(HLOOKUP($J$1,[1]DB!$C$1:$K$172,10,FALSE),"") -> 148 | E10: =SUMIFS('[1]Rincian Keluar'!$G:$G,'[1]Rincian Keluar'!$E:$E,SUKABASUKI!C10,'[1]Rincian Keluar'!$D:$D,SUKABASUKI!$D$1,'[1]Rincian Keluar'!$H:$H,SUKABASUKI!$J$1,'[1]Rincian Keluar'!$F:$F,SUKABASUKI!M10) -> 0 | F10: 8000 | G10: =E10*F10 -> 0 | M10: =$C$6 -> PONDASI
B11: 5 | C11: Papan Mal | D11: =IFERROR(HLOOKUP($J$1,[1]DB!$C$1:$K$172,11,FALSE),"") -> 328 | E11: =SUMIFS('[1]Rincian Keluar'!$G:$G,'[1]Rincian Keluar'!$E:$E,SUKABASUKI!C11,'[1]Rincian Keluar'!$D:$D,SUKABASUKI!$D$1,'[1]Rincian Keluar'!$H:$H,SUKABASUKI!$J$1,'[1]Rincian Keluar'!$F:$F,SUKABASUKI!M11) -> 0 | F11: 11000 | G11: =E11*F11 -> 0 | M11: =$C$6 -> PONDASI
B12: 6 | C12: Pasir | D12: =IFERROR(HLOOKUP($J$1,[1]DB!$C$1:$K$172,12,FALSE),"") -> 26 | E12: =SUMIFS('[1]Rincian Keluar'!$G:$G,'[1]Rincian Keluar'!$E:$E,SUKABASUKI!C12,'[1]Rincian Keluar'!$D:$D,SUKABASUKI!$D$1,'[1]Rincian Keluar'!$H:$H,SUKABASUKI!$J$1,'[1]Rincian Keluar'!$F:$F,SUKABASUKI!M12) -> 0 | F12: 150000 | G12: =E12*F12 -> 0 | M12: =$C$6 -> PONDASI
B13: 7 | C13: Batu | D13: =IFERROR(HLOOKUP($J$1,[1]DB!$C$1:$K$172,13,FALSE),"") -> 4 | E13: =SUMIFS('[1]Rincian Keluar'!$G:$G,'[1]Rincian Keluar'!$E:$E,SUKABASUKI!C13,'[1]Rincian Keluar'!$D:$D,SUKABASUKI!$D$1,'[1]Rincian Keluar'!$H:$H,SUKABASUKI!$J$1,'[1]Rincian Keluar'!$F:$F,SUKABASUKI!M13) -> 0 | F13: 500000 | G13: =E13*F13 -> 0 | M13: =$C$6 -> PONDASI
B14: 8 | C14: Semen PCC 40 Kg Tiga Roda | D14: =IFERROR(HLOOKUP($J$1,[1]DB!$C$1:$K$172,14,FALSE),"") -> 77 | E14: =SUMIFS('[1]Rincian Keluar'!$G:$G,'[1]Rincian Keluar'!$E:$E,SUKABASUKI!C14,'[1]Rincian Keluar'!$D:$D,SUKABASUKI!$D$1,'[1]Rincian Keluar'!$H:$H,SUKABASUKI!$J$1,'[1]Rincian Keluar'!$F:$F,SUKABASUKI!M14) -> 0 | F14: 60700 | G14: =E14*F14 -> 0 | M14: =$C$6 -> PONDASI
B15: B | C15: URUG
B16: 1 | C16: Pasir | D16: =IFERROR(HLOOKUP($J$1,[1]DB!$C$1:$K$172,16,FALSE),"") -> 64 | E16: =SUMIFS('[1]Rincian Keluar'!$G:$G,'[1]Rincian Keluar'!$E:$E,SUKABASUKI!C16,'[1]Rincian Keluar'!$D:$D,SUKABASUKI!$D$1,'[1]Rincian Keluar'!$H:$H,SUKABASUKI!$J$1,'[1]Rincian Keluar'!$F:$F,SUKABASUKI!M16) -> 0 | F16: 150000 | G16: =E16*F16 -> 0 | H16: 1289600 | I16: =IFERROR(VLOOKUP($C15,[1]HK!$B$5:$C$14,2,FALSE),"")*$J1 -> 1670000 | J16: =I16-H16 -> 380400 | K16: 1 | M16: =$C$15 -> URUG
B17: 2 | C17: Pipa 4" | D17: =IFERROR(HLOOKUP($J$1,[1]DB!$C$1:$K$172,17,FALSE),"") -> 2 | E17: =SUMIFS('[1]Rincian Keluar'!$G:$G,'[1]Rincian Keluar'!$E:$E,SUKABASUKI!C17,'[1]Rincian Keluar'!$D:$D,SUKABASUKI!$D$1,'[1]Rincian Keluar'!$H:$H,SUKABASUKI!$J$1,'[1]Rincian Keluar'!$F:$F,SUKABASUKI!M17) -> 0 | F17: 133500 | G17: =E17*F17 -> 0 | M17: =$C$15 -> URUG
B18: 3 | C18: Pipa 2" | D18: =IFERROR(HLOOKUP($J$1,[1]DB!$C$1:$K$172,18,FALSE),"") -> 2 | E18: =SUMIFS('[1]Rincian Keluar'!$G:$G,'[1]Rincian Keluar'!$E:$E,SUKABASUKI!C18,'[1]Rincian Keluar'!$D:$D,SUKABASUKI!$D$1,'[1]Rincian Keluar'!$H:$H,SUKABASUKI!$J$1,'[1]Rincian Keluar'!$F:$F,SUKABASUKI!M18) -> 0 | F18: 48000 | G18: =E18*F18 -> 0 | M18: =$C$15 -> URUG
B19: C | C19: COR LANTAI
B20: 1 | C20: Besi ø6 | D20: =IFERROR(HLOOKUP($J$1,[1]DB!$C$1:$K$172,20,FALSE),"") -> 31 | E20: =SUMIFS('[1]Rincian Keluar'!$G:$G,'[1]Rincian Keluar'!$E:$E,SUKABASUKI!C20,'[1]Rincian Keluar'!$D:$D,SUKABASUKI!$D$1,'[1]Rincian Keluar'!$H:$H,SUKABASUKI!$J$1,'[1]Rincian Keluar'!$F:$F,SUKABASUKI!M20) -> 44 | F20: 22000 | G20: =E20*F20 -> 968000 | H20: 1372800 | I20: =IFERROR(VLOOKUP($C19,[1]HK!$B$5:$C$14,2,FALSE),"")*$J1 -> 1000000 | J20: =I20-H20 -> -372800 | K20: 1 | M20: =$C$19 -> COR LANTAI
B21: 2 | C21: Pasir | D21: =IFERROR(HLOOKUP($J$1,[1]DB!$C$1:$K$172,21,FALSE),"") -> 10 | E21: =SUMIFS('[1]Rincian Keluar'!$G:$G,'[1]Rincian Keluar'!$E:$E,SUKABASUKI!C21,'[1]Rincian Keluar'!$D:$D,SUKABASUKI!$D$1,'[1]Rincian Keluar'!$H:$H,SUKABASUKI!$J$1,'[1]Rincian Keluar'!$F:$F,SUKABASUKI!M21) -> 10 | F21: 150000 | G21: =E21*F21 -> 1500000 | M21: =$C$19 -> COR LANTAI
B22: 3 | C22: Semen PCC 40 Kg Tiga Roda | D22: =IFERROR(HLOOKUP($J$1,[1]DB!$C$1:$K$172,22,FALSE),"") -> 28 | E22: =SUMIFS('[1]Rincian Keluar'!$G:$G,'[1]Rincian Keluar'!$E:$E,SUKABASUKI!C22,'[1]Rincian Keluar'!$D:$D,SUKABASUKI!$D$1,'[1]Rincian Keluar'!$H:$H,SUKABASUKI!$J$1,'[1]Rincian Keluar'!$F:$F,SUKABASUKI!M22) -> 27 | F22: 60700 | G22: =E22*F22 -> 1638900 | M22: =$C$19 -> COR LANTAI
B23: 4 | C23: Plastik cor | D23: =IFERROR(HLOOKUP($J$1,[1]DB!$C$1:$K$172,23,FALSE),"") -> 13 | E23: =SUMIFS('[1]Rincian Keluar'!$G:$G,'[1]Rincian Keluar'!$E:$E,SUKABASUKI!C23,'[1]Rincian Keluar'!$D:$D,SUKABASUKI!$D$1,'[1]Rincian Keluar'!$H:$H,SUKABASUKI!$J$1,'[1]Rincian Keluar'!$F:$F,SUKABASUKI!M23) -> 13 | F23: 15000 | G23: =E23*F23 -> 195000 | M23: =$C$19 -> COR LANTAI
B24: D | C24: PINTU
B25: 1 | C25: Pintu Kayu 120 x 220 | D25: =IFERROR(HLOOKUP($J$1,[1]DB!$C$1:$K$172,25,FALSE),"") -> 1 | E25: =SUMIFS('[1]Rincian Keluar'!$G:$G,'[1]Rincian Keluar'!$E:$E,SUKABASUKI!C25,'[1]Rincian Keluar'!$D:$D,SUKABASUKI!$D$1,'[1]Rincian Keluar'!$H:$H,SUKABASUKI!$J$1,'[1]Rincian Keluar'!$F:$F,SUKABASUKI!M25) -> 0 | F25: 1550000 | G25: =E25*F25 -> 0 | I25: =IFERROR(VLOOKUP($C24,[1]HK!$B$5:$C$14,2,FALSE),"")*$J1 -> #VALUE! | M25: =$C$24 -> PINTU
B26: 2 | C26: Pintu Kayu 80 x 220 | D26: =IFERROR(HLOOKUP($J$1,[1]DB!$C$1:$K$172,26,FALSE),"") -> 3 | E26: =SUMIFS('[1]Rincian Keluar'!$G:$G,'[1]Rincian Keluar'!$E:$E,SUKABASUKI!C26,'[1]Rincian Keluar'!$D:$D,SUKABASUKI!$D$1,'[1]Rincian Keluar'!$H:$H,SUKABASUKI!$J$1,'[1]Rincian Keluar'!$F:$F,SUKABASUKI!M26) -> 0 | F26: 775000 | G26: =E26*F26 -> 0 | M26: =$C$24 -> PINTU
B27: 3 | C27: Pintu WC PVC Biru | D27: =IFERROR(HLOOKUP($J$1,[1]DB!$C$1:$K$172,27,FALSE),"") -> 2 | E27: =SUMIFS('[1]Rincian Keluar'!$G:$G,'[1]Rincian Keluar'!$E:$E,SUKABASUKI!C27,'[1]Rincian Keluar'!$D:$D,SUKABASUKI!$D$1,'[1]Rincian Keluar'!$H:$H,SUKABASUKI!$J$1,'[1]Rincian Keluar'!$F:$F,SUKABASUKI!M27) -> 0 | F27: 260000 | G27: =E27*F27 -> 0 | M27: =$C$24 -> PINTU
B28: 4 | C28: Pintu WC Edenjoice Putih | D28: =IFERROR(HLOOKUP($J$1,[1]DB!$C$1:$K$172,28,FALSE),"") -> 1 | E28: =SUMIFS('[1]Rincian Keluar'!$G:$G,'[1]Rincian Keluar'!$E:$E,SUKABASUKI!C28,'[1]Rincian Keluar'!$D:$D,SUKABASUKI!$D$1,'[1]Rincian Keluar'!$H:$H,SUKABASUKI!$J$1,'[1]Rincian Keluar'!$F:$F,SUKABASUKI!M28) -> 0 | F28: 799000 | G28: =E28*F28 -> 0 | M28: =$C$24 -> PINTU
B29: 5 | C29: Engsel Pintu 4" | D29: =IFERROR(HLOOKUP($J$1,[1]DB!$C$1:$K$172,29,FALSE),"") -> 15 | E29: =SUMIFS('[1]Rincian Keluar'!$G:$G,'[1]Rincian Keluar'!$E:$E,SUKABASUKI!C29,'[1]Rincian Keluar'!$D:$D,SUKABASUKI!$D$1,'[1]Rincian Keluar'!$H:$H,SUKABASUKI!$J$1,'[1]Rincian Keluar'!$F:$F,SUKABASUKI!M29) -> 0 | F29: 15000 | G29: =E29*F29 -> 0 | M29: =$C$24 -> PINTU
B30: 6 | C30: Peganggan pintu 2 daun | D30: =IFERROR(HLOOKUP($J$1,[1]DB!$C$1:$K$172,30,FALSE),"") -> 2 | E30: =SUMIFS('[1]Rincian Keluar'!$G:$G,'[1]Rincian Keluar'!$E:$E,SUKABASUKI!C30,'[1]Rincian Keluar'!$D:$D,SUKABASUKI!$D$1,'[1]Rincian Keluar'!$H:$H,SUKABASUKI!$J$1,'[1]Rincian Keluar'!$F:$F,SUKABASUKI!M30) -> 0 | F30: 100000 | G30: =E30*F30 -> 0 | M30: =$C$24 -> PINTU
B31: 7 | C31: Pengunci Pintu 2 daun | D31: =IFERROR(HLOOKUP($J$1,[1]DB!$C$1:$K$172,31,FALSE),"") -> 1 | E31: =SUMIFS('[1]Rincian Keluar'!$G:$G,'[1]Rincian Keluar'!$E:$E,SUKABASUKI!C31,'[1]Rincian Keluar'!$D:$D,SUKABASUKI!$D$1,'[1]Rincian Keluar'!$H:$H,SUKABASUKI!$J$1,'[1]Rincian Keluar'!$F:$F,SUKABASUKI!M31) -> 0 | F31: 60000 | G31: =E31*F31 -> 0 | M31: =$C$24 -> PINTU
B32: 8 | C32: Pegangan kunci 1 daun | D32: =IFERROR(HLOOKUP($J$1,[1]DB!$C$1:$K$172,32,FALSE),"") -> 3 | E32: =SUMIFS('[1]Rincian Keluar'!$G:$G,'[1]Rincian Keluar'!$E:$E,SUKABASUKI!C32,'[1]Rincian Keluar'!$D:$D,SUKABASUKI!$D$1,'[1]Rincian Keluar'!$H:$H,SUKABASUKI!$J$1,'[1]Rincian Keluar'!$F:$F,SUKABASUKI!M32) -> 0 | F32: 65000 | G32: =E32*F32 -> 0 | M32: =$C$24 -> PINTU
B33: 9 | C33: Avian | D33: =IFERROR(HLOOKUP($J$1,[1]DB!$C$1:$K$172,33,FALSE),"") -> 4 | E33: =SUMIFS('[1]Rincian Keluar'!$G:$G,'[1]Rincian Keluar'!$E:$E,SUKABASUKI!C33,'[1]Rincian Keluar'!$D:$D,SUKABASUKI!$D$1,'[1]Rincian Keluar'!$H:$H,SUKABASUKI!$J$1,'[1]Rincian Keluar'!$F:$F,SUKABASUKI!M33) -> 0 | F33: 83000 | G33: =E33*F33 -> 0 | M33: =$C$24 -> PINTU
B34: 10 | C34: Tinner Nb Kaleng | D34: =IFERROR(HLOOKUP($J$1,[1]DB!$C$1:$K$172,34,FALSE),"") -> 2 | E34: =SUMIFS('[1]Rincian Keluar'!$G:$G,'[1]Rincian Keluar'!$E:$E,SUKABASUKI!C34,'[1]Rincian Keluar'!$D:$D,SUKABASUKI!$D$1,'[1]Rincian Keluar'!$H:$H,SUKABASUKI!$J$1,'[1]Rincian Keluar'!$F:$F,SUKABASUKI!M34) -> 0 | F34: 23000 | G34: =E34*F34 -> 0 | M34: =$C$24 -> PINTU
B35: 11 | C35: Slot 6 " | D35: =IFERROR(HLOOKUP($J$1,[1]DB!$C$1:$K$172,35,FALSE),"") -> 1 | E35: =SUMIFS('[1]Rincian Keluar'!$G:$G,'[1]Rincian Keluar'!$E:$E,SUKABASUKI!C35,'[1]Rincian Keluar'!$D:$D,SUKABASUKI!$D$1,'[1]Rincian Keluar'!$H:$H,SUKABASUKI!$J$1,'[1]Rincian Keluar'!$F:$F,SUKABASUKI!M35) -> 0 | F35: 17000 | G35: =E35*F35 -> 0 | M35: =$C$24 -> PINTU
B36: 12 | C36: Slot 4" | D36: =IFERROR(HLOOKUP($J$1,[1]DB!$C$1:$K$172,36,FALSE),"") -> 1 | E36: =SUMIFS('[1]Rincian Keluar'!$G:$G,'[1]Rincian Keluar'!$E:$E,SUKABASUKI!C36,'[1]Rincian Keluar'!$D:$D,SUKABASUKI!$D$1,'[1]Rincian Keluar'!$H:$H,SUKABASUKI!$J$1,'[1]Rincian Keluar'!$F:$F,SUKABASUKI!M36) -> 0 | F36: 11000 | G36: =E36*F36 -> 0 | M36: =$C$24 -> PINTU
B37: E | C37: BATA
B38: 1 | C38: Papan | D38: =IFERROR(HLOOKUP($J$1,[1]DB!$C$1:$K$172,38,FALSE),"") -> 48 | E38: =SUMIFS('[1]Rincian Keluar'!$G:$G,'[1]Rincian Keluar'!$E:$E,SUKABASUKI!C38,'[1]Rincian Keluar'!$D:$D,SUKABASUKI!$D$1,'[1]Rincian Keluar'!$H:$H,SUKABASUKI!$J$1,'[1]Rincian Keluar'!$F:$F,SUKABASUKI!M38) -> 18 | F38: 11000 | G38: =E38*F38 -> 198000 | H38: 6780000 | I38: =IFERROR(VLOOKUP($C37,[1]HK!$B$5:$C$14,2,FALSE),"")*$J1 -> 6950000 | J38: =I38-H38 -> 170000 | K38: 1 | M38: =$C$37 -> BATA
B39: 2 | C39: Kayu 3/5 | D39: =IFERROR(HLOOKUP($J$1,[1]DB!$C$1:$K$172,39,FALSE),"") -> 51 | E39: =SUMIFS('[1]Rincian Keluar'!$G:$G,'[1]Rincian Keluar'!$E:$E,SUKABASUKI!C39,'[1]Rincian Keluar'!$D:$D,SUKABASUKI!$D$1,'[1]Rincian Keluar'!$H:$H,SUKABASUKI!$J$1,'[1]Rincian Keluar'!$F:$F,SUKABASUKI!M39) -> 18 | F39: 11000 | G39: =E39*F39 -> 198000 | M39: =$C$37 -> BATA
B40: 3 | C40: Besi ø6 | D40: =IFERROR(HLOOKUP($J$1,[1]DB!$C$1:$K$172,40,FALSE),"") -> 10 | E40: =SUMIFS('[1]Rincian Keluar'!$G:$G,'[1]Rincian Keluar'!$E:$E,SUKABASUKI!C40,'[1]Rincian Keluar'!$D:$D,SUKABASUKI!$D$1,'[1]Rincian Keluar'!$H:$H,SUKABASUKI!$J$1,'[1]Rincian Keluar'!$F:$F,SUKABASUKI!M40) -> 2 | F40: 22000 | G40: =E40*F40 -> 44000 | M40: =$C$37 -> BATA
B41: 4 | C41: Besi ø8 | D41: =IFERROR(HLOOKUP($J$1,[1]DB!$C$1:$K$172,41,FALSE),"") -> 17 | E41: =SUMIFS('[1]Rincian Keluar'!$G:$G,'[1]Rincian Keluar'!$E:$E,SUKABASUKI!C41,'[1]Rincian Keluar'!$D:$D,SUKABASUKI!$D$1,'[1]Rincian Keluar'!$H:$H,SUKABASUKI!$J$1,'[1]Rincian Keluar'!$F:$F,SUKABASUKI!M41) -> 16 | F41: 35000 | G41: =E41*F41 -> 560000 | M41: =$C$37 -> BATA
B42: 5 | C42: Besi ø6 | D42: =IFERROR(HLOOKUP($J$1,[1]DB!$C$1:$K$172,42,FALSE),"") -> 4 | E42: =SUMIFS('[1]Rincian Keluar'!$G:$G,'[1]Rincian Keluar'!$E:$E,SUKABASUKI!C42,'[1]Rincian Keluar'!$D:$D,SUKABASUKI!$D$1,'[1]Rincian Keluar'!$H:$H,SUKABASUKI!$J$1,'[1]Rincian Keluar'!$F:$F,SUKABASUKI!M42) -> 0 | F42: =F40 -> 22000 | G42: =E42*F42 -> 0 | M42: =$C$37 -> BATA
B43: 6 | C43: Kusen Pintu ( 2 Daun ) | D43: =IFERROR(HLOOKUP($J$1,[1]DB!$C$1:$K$172,43,FALSE),"") -> 2 | E43: =SUMIFS('[1]Rincian Keluar'!$G:$G,'[1]Rincian Keluar'!$E:$E,SUKABASUKI!C43,'[1]Rincian Keluar'!$D:$D,SUKABASUKI!$D$1,'[1]Rincian Keluar'!$H:$H,SUKABASUKI!$J$1,'[1]Rincian Keluar'!$F:$F,SUKABASUKI!M43) -> 1 | F43: 363250 | G43: =E43*F43 -> 363250 | M43: =$C$37 -> BATA
B44: 7 | C44: Kusen Pintu ( 1 Daun ) | D44: =IFERROR(HLOOKUP($J$1,[1]DB!$C$1:$K$172,44,FALSE),"") -> 6 | E44: =SUMIFS('[1]Rincian Keluar'!$G:$G,'[1]Rincian Keluar'!$E:$E,SUKABASUKI!C44,'[1]Rincian Keluar'!$D:$D,SUKABASUKI!$D$1,'[1]Rincian Keluar'!$H:$H,SUKABASUKI!$J$1,'[1]Rincian Keluar'!$F:$F,SUKABASUKI!M44) -> 3 | F44: 337050 | G44: =E44*F44 -> 1011150 | M44: =$C$37 -> BATA
B45: 8 | C45: Bata | D45: =IFERROR(HLOOKUP($J$1,[1]DB!$C$1:$K$172,45,FALSE),"") -> 4659 | E45: =SUMIFS('[1]Rincian Keluar'!$G:$G,'[1]Rincian Keluar'!$E:$E,SUKABASUKI!C45,'[1]Rincian Keluar'!$D:$D,SUKABASUKI!$D$1,'[1]Rincian Keluar'!$H:$H,SUKABASUKI!$J$1,'[1]Rincian Keluar'!$F:$F,SUKABASUKI!M45) -> 4177 | F45: 1850 | G45: =E45*F45 -> 7727450 | M45: =$C$37 -> BATA
B46: 9 | C46: Semen PCC 40 Kg Tiga Roda | D46: =IFERROR(HLOOKUP($J$1,[1]DB!$C$1:$K$172,46,FALSE),"") -> 39 | E46: =SUMIFS('[1]Rincian Keluar'!$G:$G,'[1]Rincian Keluar'!$E:$E,SUKABASUKI!C46,'[1]Rincian Keluar'!$D:$D,SUKABASUKI!$D$1,'[1]Rincian Keluar'!$H:$H,SUKABASUKI!$J$1,'[1]Rincian Keluar'!$F:$F,SUKABASUKI!M46) -> 33 | F46: 60700 | G46: =E46*F46 -> 2003100 | M46: =$C$37 -> BATA
B47: 10 | C47: Pasir | D47: =IFERROR(HLOOKUP($J$1,[1]DB!$C$1:$K$172,47,FALSE),"") -> 10 | E47: =SUMIFS('[1]Rincian Keluar'!$G:$G,'[1]Rincian Keluar'!$E:$E,SUKABASUKI!C47,'[1]Rincian Keluar'!$D:$D,SUKABASUKI!$D$1,'[1]Rincian Keluar'!$H:$H,SUKABASUKI!$J$1,'[1]Rincian Keluar'!$F:$F,SUKABASUKI!M47) -> 7 | F47: 150000 | G47: =E47*F47 -> 1050000 | M47: =$C$37 -> BATA
B48: 11 | C48: Besi ø6 | D48: =IFERROR(HLOOKUP($J$1,[1]DB!$C$1:$K$172,48,FALSE),"") -> 10 | E48: =SUMIFS('[1]Rincian Keluar'!$G:$G,'[1]Rincian Keluar'!$E:$E,SUKABASUKI!C48,'[1]Rincian Keluar'!$D:$D,SUKABASUKI!$D$1,'[1]Rincian Keluar'!$H:$H,SUKABASUKI!$J$1,'[1]Rincian Keluar'!$F:$F,SUKABASUKI!M48) -> 2 | F48: =F7 -> 21500 | G48: =E48*F48 -> 43000 | M48: =$C$37 -> BATA
B49: F | C49: Cor Tiang Depan | M49: =$C$37 -> BATA
B50: 1 | C50: Semen PCC 40 Kg Tiga Roda | D50: =IFERROR(HLOOKUP($J$1,[1]DB!$C$1:$K$172,50,FALSE),"") -> 10 | E50: =SUMIFS('[1]Rincian Keluar'!$G:$G,'[1]Rincian Keluar'!$E:$E,SUKABASUKI!C50,'[1]Rincian Keluar'!$D:$D,SUKABASUKI!$D$1,'[1]Rincian Keluar'!$H:$H,SUKABASUKI!$J$1,'[1]Rincian Keluar'!$F:$F,SUKABASUKI!M50) -> 33 | F50: 60700 | G50: =E50*F50 -> 2003100 | M50: =$C$37 -> BATA
B51: 2 | C51: Pasir | D51: =IFERROR(HLOOKUP($J$1,[1]DB!$C$1:$K$172,51,FALSE),"") -> 2 | E51: =SUMIFS('[1]Rincian Keluar'!$G:$G,'[1]Rincian Keluar'!$E:$E,SUKABASUKI!C51,'[1]Rincian Keluar'!$D:$D,SUKABASUKI!$D$1,'[1]Rincian Keluar'!$H:$H,SUKABASUKI!$J$1,'[1]Rincian Keluar'!$F:$F,SUKABASUKI!M51) -> 7 | F51: 150000 | G51: =E51*F51 -> 1050000 | M51: =$C$37 -> BATA
B52: 3 | C52: Batu | D52: =IFERROR(HLOOKUP($J$1,[1]DB!$C$1:$K$172,52,FALSE),"") -> 4 | E52: =SUMIFS('[1]Rincian Keluar'!$G:$G,'[1]Rincian Keluar'!$E:$E,SUKABASUKI!C52,'[1]Rincian Keluar'!$D:$D,SUKABASUKI!$D$1,'[1]Rincian Keluar'!$H:$H,SUKABASUKI!$J$1,'[1]Rincian Keluar'!$F:$F,SUKABASUKI!M52) -> 0 | G52: =E52*F52 -> 0 | M52: =$C$37 -> BATA
B53: 4 | C53: Besi ø6 | D53: =IFERROR(HLOOKUP($J$1,[1]DB!$C$1:$K$172,53,FALSE),"") -> 6 | E53: =SUMIFS('[1]Rincian Keluar'!$G:$G,'[1]Rincian Keluar'!$E:$E,SUKABASUKI!C53,'[1]Rincian Keluar'!$D:$D,SUKABASUKI!$D$1,'[1]Rincian Keluar'!$H:$H,SUKABASUKI!$J$1,'[1]Rincian Keluar'!$F:$F,SUKABASUKI!M53) -> 0 | F53: 22000 | G53: =E53*F53 -> 0 | M53: =$C$37 -> BATA
B54: 5 | C54: Besi ø8 | D54: =IFERROR(HLOOKUP($J$1,[1]DB!$C$1:$K$172,54,FALSE),"") -> 8 | E54: =SUMIFS('[1]Rincian Keluar'!$G:$G,'[1]Rincian Keluar'!$E:$E,SUKABASUKI!C54,'[1]Rincian Keluar'!$D:$D,SUKABASUKI!$D$1,'[1]Rincian Keluar'!$H:$H,SUKABASUKI!$J$1,'[1]Rincian Keluar'!$F:$F,SUKABASUKI!M54) -> 0 | F54: 35000 | G54: =E54*F54 -> 0 | M54: =$C$37 -> BATA
B55: 6 | C55: Multiplek | D55: =IFERROR(HLOOKUP($J$1,[1]DB!$C$1:$K$172,55,FALSE),"") -> 2 | E55: =SUMIFS('[1]Rincian Keluar'!$G:$G,'[1]Rincian Keluar'!$E:$E,SUKABASUKI!C55,'[1]Rincian Keluar'!$D:$D,SUKABASUKI!$D$1,'[1]Rincian Keluar'!$H:$H,SUKABASUKI!$J$1,'[1]Rincian Keluar'!$F:$F,SUKABASUKI!M55) -> 0 | F55: 130000 | G55: =E55*F55 -> 0 | M55: =$C$37 -> BATA
B56: 7 | C56: Kayu 3/5 | D56: =IFERROR(HLOOKUP($J$1,[1]DB!$C$1:$K$172,56,FALSE),"") -> 40 | E56: =SUMIFS('[1]Rincian Keluar'!$G:$G,'[1]Rincian Keluar'!$E:$E,SUKABASUKI!C56,'[1]Rincian Keluar'!$D:$D,SUKABASUKI!$D$1,'[1]Rincian Keluar'!$H:$H,SUKABASUKI!$J$1,'[1]Rincian Keluar'!$F:$F,SUKABASUKI!M56) -> 18 | F56: 11000 | G56: =E56*F56 -> 198000 | M56: =$C$37 -> BATA
B57: 8 | C57: Bata | D57: =IFERROR(HLOOKUP($J$1,[1]DB!$C$1:$K$172,57,FALSE),"") -> 148 | E57: =SUMIFS('[1]Rincian Keluar'!$G:$G,'[1]Rincian Keluar'!$E:$E,SUKABASUKI!C57,'[1]Rincian Keluar'!$D:$D,SUKABASUKI!$D$1,'[1]Rincian Keluar'!$H:$H,SUKABASUKI!$J$1,'[1]Rincian Keluar'!$F:$F,SUKABASUKI!M57) -> 4177 | F57: 1850 | G57: =E57*F57 -> 7727450 | M57: =$C$37 -> BATA
B58: 9 | C58: Cerucuk | D58: =IFERROR(HLOOKUP($J$1,[1]DB!$C$1:$K$172,58,FALSE),"") -> 15 | E58: =SUMIFS('[1]Rincian Keluar'!$G:$G,'[1]Rincian Keluar'!$E:$E,SUKABASUKI!C58,'[1]Rincian Keluar'!$D:$D,SUKABASUKI!$D$1,'[1]Rincian Keluar'!$H:$H,SUKABASUKI!$J$1,'[1]Rincian Keluar'!$F:$F,SUKABASUKI!M58) -> 0 | F58: 8000 | G58: =E58*F58 -> 0 | M58: =$C$37 -> BATA
B59: 10 | C59: Papan Mal | D59: =IFERROR(HLOOKUP($J$1,[1]DB!$C$1:$K$172,59,FALSE),"") -> 13 | E59: =SUMIFS('[1]Rincian Keluar'!$G:$G,'[1]Rincian Keluar'!$E:$E,SUKABASUKI!C59,'[1]Rincian Keluar'!$D:$D,SUKABASUKI!$D$1,'[1]Rincian Keluar'!$H:$H,SUKABASUKI!$J$1,'[1]Rincian Keluar'!$F:$F,SUKABASUKI!M59) -> 0 | F59: 11000 | G59: =E59*F59 -> 0 | M59: =$C$37 -> BATA
B60: G | C60: PLASTER
B61: 1 | C61: Semen PCC 40 Kg Tiga Roda | D61: =IFERROR(HLOOKUP($J$1,[1]DB!$C$1:$K$172,61,FALSE),"") -> 70 | E61: =SUMIFS('[1]Rincian Keluar'!$G:$G,'[1]Rincian Keluar'!$E:$E,SUKABASUKI!C61,'[1]Rincian Keluar'!$D:$D,SUKABASUKI!$D$1,'[1]Rincian Keluar'!$H:$H,SUKABASUKI!$J$1,'[1]Rincian Keluar'!$F:$F,SUKABASUKI!M61) -> 68 | F61: 60700 | G61: =E61*F61 -> 4127600 | H61: 6324000 | I61: =IFERROR(VLOOKUP($C60,[1]HK!$B$5:$C$14,2,FALSE),"")*$J1 -> 6250000 | J61: =I61-H61 -> -74000 | K61: 1 | M61: =$C$60 -> PLASTER
B62: 2 | C62: Pasir | D62: =IFERROR(HLOOKUP($J$1,[1]DB!$C$1:$K$172,62,FALSE),"") -> 15 | E62: =SUMIFS('[1]Rincian Keluar'!$G:$G,'[1]Rincian Keluar'!$E:$E,SUKABASUKI!C62,'[1]Rincian Keluar'!$D:$D,SUKABASUKI!$D$1,'[1]Rincian Keluar'!$H:$H,SUKABASUKI!$J$1,'[1]Rincian Keluar'!$F:$F,SUKABASUKI!M62) -> 8 | F62: 150000 | G62: =E62*F62 -> 1200000 | M62: =$C$60 -> PLASTER
B63: 3 | C63: Pipa 5/8 | D63: =IFERROR(HLOOKUP($J$1,[1]DB!$C$1:$K$172,63,FALSE),"") -> 13 | E63: =SUMIFS('[1]Rincian Keluar'!$G:$G,'[1]Rincian Keluar'!$E:$E,SUKABASUKI!C63,'[1]Rincian Keluar'!$D:$D,SUKABASUKI!$D$1,'[1]Rincian Keluar'!$H:$H,SUKABASUKI!$J$1,'[1]Rincian Keluar'!$F:$F,SUKABASUKI!M63) -> 5 | F63: 8600 | G63: =E63*F63 -> 43000 | M63: =$C$60 -> PLASTER
B64: H | C64: ATAP
B65: 1 | C65: Kayu 3/5 | D65: =IFERROR(HLOOKUP($J$1,[1]DB!$C$1:$K$172,65,FALSE),"") -> 120 | E65: =SUMIFS('[1]Rincian Keluar'!$G:$G,'[1]Rincian Keluar'!$E:$E,SUKABASUKI!C65,'[1]Rincian Keluar'!$D:$D,SUKABASUKI!$D$1,'[1]Rincian Keluar'!$H:$H,SUKABASUKI!$J$1,'[1]Rincian Keluar'!$F:$F,SUKABASUKI!M65) -> 150 | F65: 11000 | G65: =E65*F65 -> 1650000 | H65: 3647500 | I65: =IFERROR(VLOOKUP($C64,[1]HK!$B$5:$C$14,2,FALSE),"")*$J1 -> 3340000 | J65: =I65-H65 -> -307500 | K65: 1 | M65: =$C$64 -> ATAP
B66: 2 | C66: Kayu 4/6 | D66: =IFERROR(HLOOKUP($J$1,[1]DB!$C$1:$K$172,66,FALSE),"") -> 80 | E66: =SUMIFS('[1]Rincian Keluar'!$G:$G,'[1]Rincian Keluar'!$E:$E,SUKABASUKI!C66,'[1]Rincian Keluar'!$D:$D,SUKABASUKI!$D$1,'[1]Rincian Keluar'!$H:$H,SUKABASUKI!$J$1,'[1]Rincian Keluar'!$F:$F,SUKABASUKI!M66) -> 190 | F66: 15000 | G66: =E66*F66 -> 2850000 | M66: =$C$64 -> ATAP
B67: 3 | C67: Kayu 5/7 | D67: =IFERROR(HLOOKUP($J$1,[1]DB!$C$1:$K$172,67,FALSE),"") -> 59 | E67: =SUMIFS('[1]Rincian Keluar'!$G:$G,'[1]Rincian Keluar'!$E:$E,SUKABASUKI!C67,'[1]Rincian Keluar'!$D:$D,SUKABASUKI!$D$1,'[1]Rincian Keluar'!$H:$H,SUKABASUKI!$J$1,'[1]Rincian Keluar'!$F:$F,SUKABASUKI!M67) -> 70 | F67: 30000 | G67: =E67*F67 -> 2100000 | M67: =$C$64 -> ATAP
B68: 4 | C68: Lisplank | D68: =IFERROR(HLOOKUP($J$1,[1]DB!$C$1:$K$172,68,FALSE),"") -> 19 | E68: =SUMIFS('[1]Rincian Keluar'!$G:$G,'[1]Rincian Keluar'!$E:$E,SUKABASUKI!C68,'[1]Rincian Keluar'!$D:$D,SUKABASUKI!$D$1,'[1]Rincian Keluar'!$H:$H,SUKABASUKI!$J$1,'[1]Rincian Keluar'!$F:$F,SUKABASUKI!M68) -> 14 | F68: 60000 | G68: =E68*F68 -> 840000 | M68: =$C$64 -> ATAP
B69: 5 | C69: Seng Metal 4 Susun (merah) | D69: =IFERROR(HLOOKUP($J$1,[1]DB!$C$1:$K$172,69,FALSE),"") -> 137 | E69: =SUMIFS('[1]Rincian Keluar'!$G:$G,'[1]Rincian Keluar'!$E:$E,SUKABASUKI!C69,'[1]Rincian Keluar'!$D:$D,SUKABASUKI!$D$1,'[1]Rincian Keluar'!$H:$H,SUKABASUKI!$J$1,'[1]Rincian Keluar'!$F:$F,SUKABASUKI!M69) -> 0 | F69: 52000 | G69: =E69*F69 -> 0 | M69: =$C$64 -> ATAP
B70: 6 | C70: Seng Metal 2 Susun (hitam) | D70: =IFERROR(HLOOKUP($J$1,[1]DB!$C$1:$K$172,70,FALSE),"") -> 0 | E70: =SUMIFS('[1]Rincian Keluar'!$G:$G,'[1]Rincian Keluar'!$E:$E,SUKABASUKI!C70,'[1]Rincian Keluar'!$D:$D,SUKABASUKI!$D$1,'[1]Rincian Keluar'!$H:$H,SUKABASUKI!$J$1,'[1]Rincian Keluar'!$F:$F,SUKABASUKI!M70) -> 307 | F70: 36000 | G70: =E70*F70 -> 11052000 | M70: =$C$64 -> ATAP
B71: 7 | C71: Perabung Hitam | D71: =IFERROR(HLOOKUP($J$1,[1]DB!$C$1:$K$172,71,FALSE),"") -> 0 | E71: =SUMIFS('[1]Rincian Keluar'!$G:$G,'[1]Rincian Keluar'!$E:$E,SUKABASUKI!C71,'[1]Rincian Keluar'!$D:$D,SUKABASUKI!$D$1,'[1]Rincian Keluar'!$H:$H,SUKABASUKI!$J$1,'[1]Rincian Keluar'!$F:$F,SUKABASUKI!M71) -> 46 | F71: 50000 | G71: =E71*F71 -> 2300000 | M71: =$C$64 -> ATAP
B72: 8 | C72: Perabung Merah | D72: =IFERROR(HLOOKUP($J$1,[1]DB!$C$1:$K$172,72,FALSE),"") -> 1.5 | E72: =SUMIFS('[1]Rincian Keluar'!$G:$G,'[1]Rincian Keluar'!$E:$E,SUKABASUKI!C72,'[1]Rincian Keluar'!$D:$D,SUKABASUKI!$D$1,'[1]Rincian Keluar'!$H:$H,SUKABASUKI!$J$1,'[1]Rincian Keluar'!$F:$F,SUKABASUKI!M72) -> 0 | F72: 650000 | G72: =E72*F72 -> 0 | M72: =$C$64 -> ATAP
B73: 9 | C73: Paku 2 inch | D73: =IFERROR(HLOOKUP($J$1,[1]DB!$C$1:$K$172,73,FALSE),"") -> 2 | E73: =SUMIFS('[1]Rincian Keluar'!$G:$G,'[1]Rincian Keluar'!$E:$E,SUKABASUKI!C73,'[1]Rincian Keluar'!$D:$D,SUKABASUKI!$D$1,'[1]Rincian Keluar'!$H:$H,SUKABASUKI!$J$1,'[1]Rincian Keluar'!$F:$F,SUKABASUKI!M73) -> 2 | F73: 130000 | G73: =E73*F73 -> 260000 | M73: =$C$64 -> ATAP
B74: 10 | C74: Paku 3 inch | D74: =IFERROR(HLOOKUP($J$1,[1]DB!$C$1:$K$172,74,FALSE),"") -> 2 | E74: =SUMIFS('[1]Rincian Keluar'!$G:$G,'[1]Rincian Keluar'!$E:$E,SUKABASUKI!C74,'[1]Rincian Keluar'!$D:$D,SUKABASUKI!$D$1,'[1]Rincian Keluar'!$H:$H,SUKABASUKI!$J$1,'[1]Rincian Keluar'!$F:$F,SUKABASUKI!M74) -> 2 | F74: 130000 | G74: =E74*F74 -> 260000 | M74: =$C$64 -> ATAP
B75: I | C75: DEK
B76: 1 | C76: Kayu 3/5 | D76: =IFERROR(HLOOKUP($J$1,[1]DB!$C$1:$K$172,76,FALSE),"") -> 173 | E76: =SUMIFS('[1]Rincian Keluar'!$G:$G,'[1]Rincian Keluar'!$E:$E,SUKABASUKI!C76,'[1]Rincian Keluar'!$D:$D,SUKABASUKI!$D$1,'[1]Rincian Keluar'!$H:$H,SUKABASUKI!$J$1,'[1]Rincian Keluar'!$F:$F,SUKABASUKI!M76) -> 210 | F76: 11000 | G76: =E76*F76 -> 2310000 | H76: 2506000 | I76: =IFERROR(VLOOKUP($C75,[1]HK!$B$5:$C$14,2,FALSE),"")*$J1 -> 1950000 | J76: =I76-H76 -> -556000 | K76: 1 | M76: =$C$75 -> DEK
B77: 2 | C77: Gypsum | D77: =IFERROR(HLOOKUP($J$1,[1]DB!$C$1:$K$172,77,FALSE),"") -> 46 | E77: =SUMIFS('[1]Rincian Keluar'!$G:$G,'[1]Rincian Keluar'!$E:$E,SUKABASUKI!C77,'[1]Rincian Keluar'!$D:$D,SUKABASUKI!$D$1,'[1]Rincian Keluar'!$H:$H,SUKABASUKI!$J$1,'[1]Rincian Keluar'!$F:$F,SUKABASUKI!M77) -> 31 | F77: 60000 | G77: =E77*F77 -> 1860000 | M77: =$C$75 -> DEK
B78: 3 | C78: Baut | D78: =IFERROR(HLOOKUP($J$1,[1]DB!$C$1:$K$172,78,FALSE),"") -> 8 | E78: =SUMIFS('[1]Rincian Keluar'!$G:$G,'[1]Rincian Keluar'!$E:$E,SUKABASUKI!C78,'[1]Rincian Keluar'!$D:$D,SUKABASUKI!$D$1,'[1]Rincian Keluar'!$H:$H,SUKABASUKI!$J$1,'[1]Rincian Keluar'!$F:$F,SUKABASUKI!M78) -> 4 | F78: 37000 | G78: =E78*F78 -> 148000 | M78: =$C$75 -> DEK
B79: 4 | C79: Paku Beton 4 inch | D79: =IFERROR(HLOOKUP($J$1,[1]DB!$C$1:$K$172,79,FALSE),"") -> 2 | E79: =SUMIFS('[1]Rincian Keluar'!$G:$G,'[1]Rincian Keluar'!$E:$E,SUKABASUKI!C79,'[1]Rincian Keluar'!$D:$D,SUKABASUKI!$D$1,'[1]Rincian Keluar'!$H:$H,SUKABASUKI!$J$1,'[1]Rincian Keluar'!$F:$F,SUKABASUKI!M79) -> 1 | F79: 5000 | G79: =E79*F79 -> 5000 | M79: =$C$75 -> DEK
B80: 5 | C80: Paku 3 imch | D80: =IFERROR(HLOOKUP($J$1,[1]DB!$C$1:$K$172,80,FALSE),"") -> 2 | E80: =SUMIFS('[1]Rincian Keluar'!$G:$G,'[1]Rincian Keluar'!$E:$E,SUKABASUKI!C80,'[1]Rincian Keluar'!$D:$D,SUKABASUKI!$D$1,'[1]Rincian Keluar'!$H:$H,SUKABASUKI!$J$1,'[1]Rincian Keluar'!$F:$F,SUKABASUKI!M80) -> 1 | F80: 130000 | G80: =E80*F80 -> 130000 | M80: =$C$75 -> DEK
B81: 6 | C81: paku 2 inch | D81: =IFERROR(HLOOKUP($J$1,[1]DB!$C$1:$K$172,81,FALSE),"") -> 2 | E81: =SUMIFS('[1]Rincian Keluar'!$G:$G,'[1]Rincian Keluar'!$E:$E,SUKABASUKI!C81,'[1]Rincian Keluar'!$D:$D,SUKABASUKI!$D$1,'[1]Rincian Keluar'!$H:$H,SUKABASUKI!$J$1,'[1]Rincian Keluar'!$F:$F,SUKABASUKI!M81) -> 1 | F81: 130000 | G81: =E81*F81 -> 130000 | M81: =$C$75 -> DEK
B82: J | C82: MINIMALIS
B83: 1 | C83: Bata | D83: =IFERROR(HLOOKUP($J$1,[1]DB!$C$1:$K$172,83,FALSE),"") -> 120 | E83: =SUMIFS('[1]Rincian Keluar'!$G:$G,'[1]Rincian Keluar'!$E:$E,SUKABASUKI!C83,'[1]Rincian Keluar'!$D:$D,SUKABASUKI!$D$1,'[1]Rincian Keluar'!$H:$H,SUKABASUKI!$J$1,'[1]Rincian Keluar'!$F:$F,SUKABASUKI!M83) -> 80 | F83: 1850 | G83: =E83*F83 -> 148000 | H83: 1434000 | I83: =IFERROR(VLOOKUP($C82,[1]HK!$B$5:$C$20,2,FALSE),"")*$J1 -> 1260000 | J83: =I83-H83 -> -174000 | K83: 0.8 | M83: =$C$82 -> MINIMALIS
B84: 2 | C84: Pasir | D84: =IFERROR(HLOOKUP($J$1,[1]DB!$C$1:$K$172,84,FALSE),"") -> 3 | E84: =SUMIFS('[1]Rincian Keluar'!$G:$G,'[1]Rincian Keluar'!$E:$E,SUKABASUKI!C84,'[1]Rincian Keluar'!$D:$D,SUKABASUKI!$D$1,'[1]Rincian Keluar'!$H:$H,SUKABASUKI!$J$1,'[1]Rincian Keluar'!$F:$F,SUKABASUKI!M84) -> 1 | F84: 150000 | G84: =E84*F84 -> 150000 | M84: =$C$82 -> MINIMALIS
B85: 3 | C85: Semen PCC 40 Kg Tiga Roda | D85: =IFERROR(HLOOKUP($J$1,[1]DB!$C$1:$K$172,85,FALSE),"") -> 10 | E85: =SUMIFS('[1]Rincian Keluar'!$G:$G,'[1]Rincian Keluar'!$E:$E,SUKABASUKI!C85,'[1]Rincian Keluar'!$D:$D,SUKABASUKI!$D$1,'[1]Rincian Keluar'!$H:$H,SUKABASUKI!$J$1,'[1]Rincian Keluar'!$F:$F,SUKABASUKI!M85) -> 7 | F85: 60700 | G85: =E85*F85 -> 424900 | M85: =$C$82 -> MINIMALIS
B86: 4 | C86: Keramik 60 x 60 Blackmatt | D86: =IFERROR(HLOOKUP($J$1,[1]DB!$C$1:$K$172,86,FALSE),"") -> 7 | E86: =SUMIFS('[1]Rincian Keluar'!$G:$G,'[1]Rincian Keluar'!$E:$E,SUKABASUKI!C86,'[1]Rincian Keluar'!$D:$D,SUKABASUKI!$D$1,'[1]Rincian Keluar'!$H:$H,SUKABASUKI!$J$1,'[1]Rincian Keluar'!$F:$F,SUKABASUKI!M86) -> 0 | F86: 165000 | G86: =E86*F86 -> 0 | M86: =$C$82 -> MINIMALIS
B87: K | C87: CARPORT
B88: 1 | C88: Semen PCC 40 Kg Tiga Roda | D88: =IFERROR(HLOOKUP($J$1,[1]DB!$C$1:$K$172,88,FALSE),"") -> 22 | E88: =SUMIFS('[1]Rincian Keluar'!$G:$G,'[1]Rincian Keluar'!$E:$E,SUKABASUKI!C88,'[1]Rincian Keluar'!$D:$D,SUKABASUKI!$D$1,'[1]Rincian Keluar'!$H:$H,SUKABASUKI!$J$1,'[1]Rincian Keluar'!$F:$F,SUKABASUKI!M88) -> 9 | F88: 60700 | G88: =E88*F88 -> 546300 | H88: 1630000 | I88: =IFERROR(VLOOKUP($C87,[1]HK!$B$5:$C$20,2,FALSE),"")*$J1 -> 1670000 | J88: =I88-H88 -> 40000 | K88: 1 | M88: =$C$87 -> CARPORT
B89: 2 | C89: Kayu 3/5 | D89: =IFERROR(HLOOKUP($J$1,[1]DB!$C$1:$K$172,89,FALSE),"") -> 8 | E89: =SUMIFS('[1]Rincian Keluar'!$G:$G,'[1]Rincian Keluar'!$E:$E,SUKABASUKI!C89,'[1]Rincian Keluar'!$D:$D,SUKABASUKI!$D$1,'[1]Rincian Keluar'!$H:$H,SUKABASUKI!$J$1,'[1]Rincian Keluar'!$F:$F,SUKABASUKI!M89) -> 8 | F89: 11000 | G89: =E89*F89 -> 88000 | M89: =$C$87 -> CARPORT
B90: 3 | C90: Cerucuk | D90: =IFERROR(HLOOKUP($J$1,[1]DB!$C$1:$K$172,90,FALSE),"") -> 5 | E90: =SUMIFS('[1]Rincian Keluar'!$G:$G,'[1]Rincian Keluar'!$E:$E,SUKABASUKI!C90,'[1]Rincian Keluar'!$D:$D,SUKABASUKI!$D$1,'[1]Rincian Keluar'!$H:$H,SUKABASUKI!$J$1,'[1]Rincian Keluar'!$F:$F,SUKABASUKI!M90) -> 5 | F90: 8000 | G90: =E90*F90 -> 40000 | M90: =$C$87 -> CARPORT
B91: 4 | C91: Papan Mal | D91: =IFERROR(HLOOKUP($J$1,[1]DB!$C$1:$K$172,91,FALSE),"") -> 10 | E91: =SUMIFS('[1]Rincian Keluar'!$G:$G,'[1]Rincian Keluar'!$E:$E,SUKABASUKI!C91,'[1]Rincian Keluar'!$D:$D,SUKABASUKI!$D$1,'[1]Rincian Keluar'!$H:$H,SUKABASUKI!$J$1,'[1]Rincian Keluar'!$F:$F,SUKABASUKI!M91) -> 10 | F91: 11000 | G91: =E91*F91 -> 110000 | M91: =$C$87 -> CARPORT
B92: 5 | C92: Plastik cor | D92: =IFERROR(HLOOKUP($J$1,[1]DB!$C$1:$K$172,92,FALSE),"") -> 7 | E92: =SUMIFS('[1]Rincian Keluar'!$G:$G,'[1]Rincian Keluar'!$E:$E,SUKABASUKI!C92,'[1]Rincian Keluar'!$D:$D,SUKABASUKI!$D$1,'[1]Rincian Keluar'!$H:$H,SUKABASUKI!$J$1,'[1]Rincian Keluar'!$F:$F,SUKABASUKI!M92) -> 7 | F92: 15000 | G92: =E92*F92 -> 105000 | M92: =$C$87 -> CARPORT
B93: 6 | C93: Besi ø6 | D93: =IFERROR(HLOOKUP($J$1,[1]DB!$C$1:$K$172,93,FALSE),"") -> 2 | E93: =SUMIFS('[1]Rincian Keluar'!$G:$G,'[1]Rincian Keluar'!$E:$E,SUKABASUKI!C93,'[1]Rincian Keluar'!$D:$D,SUKABASUKI!$D$1,'[1]Rincian Keluar'!$H:$H,SUKABASUKI!$J$1,'[1]Rincian Keluar'!$F:$F,SUKABASUKI!M93) -> 2 | F93: 22000 | G93: =E93*F93 -> 44000 | M93: =$C$87 -> CARPORT
B94: 7 | C94: Besi ø8 | D94: =IFERROR(HLOOKUP($J$1,[1]DB!$C$1:$K$172,94,FALSE),"") -> 15 | E94: =SUMIFS('[1]Rincian Keluar'!$G:$G,'[1]Rincian Keluar'!$E:$E,SUKABASUKI!C94,'[1]Rincian Keluar'!$D:$D,SUKABASUKI!$D$1,'[1]Rincian Keluar'!$H:$H,SUKABASUKI!$J$1,'[1]Rincian Keluar'!$F:$F,SUKABASUKI!M94) -> 15 | F94: 35000 | G94: =E94*F94 -> 525000 | M94: =$C$87 -> CARPORT
B95: 8 | C95: Batu | D95: =IFERROR(HLOOKUP($J$1,[1]DB!$C$1:$K$172,95,FALSE),"") -> 1 | E95: =SUMIFS('[1]Rincian Keluar'!$G:$G,'[1]Rincian Keluar'!$E:$E,SUKABASUKI!C95,'[1]Rincian Keluar'!$D:$D,SUKABASUKI!$D$1,'[1]Rincian Keluar'!$H:$H,SUKABASUKI!$J$1,'[1]Rincian Keluar'!$F:$F,SUKABASUKI!M95) -> 1 | F95: 500000 | G95: =E95*F95 -> 500000 | M95: =$C$87 -> CARPORT
B96: 9 | C96: Pasir | D96: =IFERROR(HLOOKUP($J$1,[1]DB!$C$1:$K$172,96,FALSE),"") -> 6 | E96: =SUMIFS('[1]Rincian Keluar'!$G:$G,'[1]Rincian Keluar'!$E:$E,SUKABASUKI!C96,'[1]Rincian Keluar'!$D:$D,SUKABASUKI!$D$1,'[1]Rincian Keluar'!$H:$H,SUKABASUKI!$J$1,'[1]Rincian Keluar'!$F:$F,SUKABASUKI!M96) -> 6 | F96: 150000 | G96: =E96*F96 -> 900000 | M96: =$C$87 -> CARPORT
B97: 10 | C97: Keramik 60 x 60 Blackmatt | D97: =IFERROR(HLOOKUP($J$1,[1]DB!$C$1:$K$172,97,FALSE),"") -> 31 | E97: =SUMIFS('[1]Rincian Keluar'!$G:$G,'[1]Rincian Keluar'!$E:$E,SUKABASUKI!C97,'[1]Rincian Keluar'!$D:$D,SUKABASUKI!$D$1,'[1]Rincian Keluar'!$H:$H,SUKABASUKI!$J$1,'[1]Rincian Keluar'!$F:$F,SUKABASUKI!M97) -> 0 | F97: 165000 | G97: =E97*F97 -> 0
B98: L | C98: KERAMIK
B99: 1 | C99: Keramik 60 x 60 Cream | D99: =IFERROR(HLOOKUP($J$1,[1]DB!$C$1:$K$172,99,FALSE),"") -> 64 | E99: =SUMIFS('[1]Rincian Keluar'!$G:$G,'[1]Rincian Keluar'!$E:$E,SUKABASUKI!C99,'[1]Rincian Keluar'!$D:$D,SUKABASUKI!$D$1,'[1]Rincian Keluar'!$H:$H,SUKABASUKI!$J$1,'[1]Rincian Keluar'!$F:$F,SUKABASUKI!M99) -> 75 | F99: 118000 | G99: =E99*F99 -> 8850000 | H99: 2990200 | I99: =IFERROR(VLOOKUP($C98,[1]HK!$B$5:$C$20,2,FALSE),"")*$J1 -> 2780000 | J99: =I99-H99 -> -210200 | K99: 1 | M99: =$C$98 -> KERAMIK
B100: 2 | C100: Keramik 60 x 60 Blackmatt | D100: =IFERROR(HLOOKUP($J$1,[1]DB!$C$1:$K$172,100,FALSE),"") -> 26 | E100: =SUMIFS('[1]Rincian Keluar'!$G:$G,'[1]Rincian Keluar'!$E:$E,SUKABASUKI!C100,'[1]Rincian Keluar'!$D:$D,SUKABASUKI!$D$1,'[1]Rincian Keluar'!$H:$H,SUKABASUKI!$J$1,'[1]Rincian Keluar'!$F:$F,SUKABASUKI!M100) -> 0 | F100: 165000 | G100: =E100*F100 -> 0 | M100: =$C$98 -> KERAMIK
B101: 3 | C101: Pasir | D101: =IFERROR(HLOOKUP($J$1,[1]DB!$C$1:$K$172,101,FALSE),"") -> 10 | E101: =SUMIFS('[1]Rincian Keluar'!$G:$G,'[1]Rincian Keluar'!$E:$E,SUKABASUKI!C101,'[1]Rincian Keluar'!$D:$D,SUKABASUKI!$D$1,'[1]Rincian Keluar'!$H:$H,SUKABASUKI!$J$1,'[1]Rincian Keluar'!$F:$F,SUKABASUKI!M101) -> 10 | F101: 150000 | G101: =E101*F101 -> 1500000 | M101: =$C$98 -> KERAMIK
B102: 4 | C102: Semen PCC 40 Kg Tiga Roda | D102: =IFERROR(HLOOKUP($J$1,[1]DB!$C$1:$K$172,102,FALSE),"") -> 44 | E102: =SUMIFS('[1]Rincian Keluar'!$G:$G,'[1]Rincian Keluar'!$E:$E,SUKABASUKI!C102,'[1]Rincian Keluar'!$D:$D,SUKABASUKI!$D$1,'[1]Rincian Keluar'!$H:$H,SUKABASUKI!$J$1,'[1]Rincian Keluar'!$F:$F,SUKABASUKI!M102) -> 33 | F102: 60700 | G102: =E102*F102 -> 2003100 | M102: =$C$98 -> KERAMIK
...

Sheet PELANGI 04
B1: LOKASI | D1: PELANGI 04 | H1: TYPE | J1: 55
B4: No. | C4: URAIAN PEKERJAAN | D4: BAHAN | F4: HARGA BAHAN | G4: TOTAL HARGA | H4: UPAH | I4: BORONGAN | J4: UNTUNG/RUGI | K4: PROGRES
D5: BAKU | E5: OUT | F5: ( Rp ) | G5: ( Rp )
B6: A | C6: PONDASI
B7: 1 | C7: Besi ø6 | D7: =IFERROR(HLOOKUP($J$1,[1]DB!$C$1:$K$172,7,FALSE),"") -> 13 | E7: =SUMIFS('[1]Rincian Keluar'!$G:$G,'[1]Rincian Keluar'!$E:$E,'PELANGI 04'!C7,'[1]Rincian Keluar'!$D:$D,'PELANGI 04'!$D$1,'[1]Rincian Keluar'!$H:$H,'PELANGI 04'!$J$1,'[1]Rincian Keluar'!$F:$F,'PELANGI 04'!M7) -> 10 | F7: 21500 | G7: =E7*F7 -> 215000 | H7: 2157000 | I7: =IFERROR(VLOOKUP($C6,[1]HK!$B$5:$C$14,2,FALSE),"")*$J1 -> 2293500 | J7: =I7-H7 -> 136500 | K7: 1 | M7: =$C$6 -> PONDASI
B8: 2 | C8: Besi ø8 Ulir | D8: =IFERROR(HLOOKUP($J$1,[1]DB!$C$1:$K$172,8,FALSE),"") -> 45 | E8: =SUMIFS('[1]Rincian Keluar'!$G:$G,'[1]Rincian Keluar'!$E:$E,'PELANGI 04'!C8,'[1]Rincian Keluar'!$D:$D,'PELANGI 04'!$D$1,'[1]Rincian Keluar'!$H:$H,'PELANGI 04'!$J$1,'[1]Rincian Keluar'!$F:$F,'PELANGI 04'!M8) -> 35 | F8: 49000 | G8: =E8*F8 -> 1715000 | M8: =$C$6 -> PONDASI
B9: 3 | C9: Kayu 3/5 | D9: =IFERROR(HLOOKUP($J$1,[1]DB!$C$1:$K$172,9,FALSE),"") -> 38 | E9: =SUMIFS('[1]Rincian Keluar'!$G:$G,'[1]Rincian Keluar'!$E:$E,'PELANGI 04'!C9,'[1]Rincian Keluar'!$D:$D,'PELANGI 04'!$D$1,'[1]Rincian Keluar'!$H:$H,'PELANGI 04'!$J$1,'[1]Rincian Keluar'!$F:$F,'PELANGI 04'!M9) -> 12 | F9: 11000 | G9: =E9*F9 -> 132000 | M9: =$C$6 -> PONDASI
B10: 4 | C10: Cerucuk | D10: =IFERROR(HLOOKUP($J$1,[1]DB!$C$1:$K$172,10,FALSE),"") -> 81 | E10: =SUMIFS('[1]Rincian Keluar'!$G:$G,'[1]Rincian Keluar'!$E:$E,'PELANGI 04'!C10,'[1]Rincian Keluar'!$D:$D,'PELANGI 04'!$D$1,'[1]Rincian Keluar'!$H:$H,'PELANGI 04'!$J$1,'[1]Rincian Keluar'!$F:$F,'PELANGI 04'!M10) -> 71 | F10: 8000 | G10: =E10*F10 -> 568000 | M10: =$C$6 -> PONDASI
B11: 5 | C11: Papan Mal | D11: =IFERROR(HLOOKUP($J$1,[1]DB!$C$1:$K$172,11,FALSE),"") -> 180 | E11: =SUMIFS('[1]Rincian Keluar'!$G:$G,'[1]Rincian Keluar'!$E:$E,'PELANGI 04'!C11,'[1]Rincian Keluar'!$D:$D,'PELANGI 04'!$D$1,'[1]Rincian Keluar'!$H:$H,'PELANGI 04'!$J$1,'[1]Rincian Keluar'!$F:$F,'PELANGI 04'!M11) -> 0 | F11: 11000 | G11: =E11*F11 -> 0 | M11: =$C$6 -> PONDASI
B12: 6 | C12: Pasir | D12: =IFERROR(HLOOKUP($J$1,[1]DB!$C$1:$K$172,12,FALSE),"") -> 14 | E12: =SUMIFS('[1]Rincian Keluar'!$G:$G,'[1]Rincian Keluar'!$E:$E,'PELANGI 04'!C12,'[1]Rincian Keluar'!$D:$D,'PELANGI 04'!$D$1,'[1]Rincian Keluar'!$H:$H,'PELANGI 04'!$J$1,'[1]Rincian Keluar'!$F:$F,'PELANGI 04'!M12) -> 12 | F12: 150000 | G12: =E12*F12 -> 1800000 | M12: =$C$6 -> PONDASI
B13: 7 | C13: Batu | D13: =IFERROR(HLOOKUP($J$1,[1]DB!$C$1:$K$172,13,FALSE),"") -> 2 | E13: =SUMIFS('[1]Rincian Keluar'!$G:$G,'[1]Rincian Keluar'!$E:$E,'PELANGI 04'!C13,'[1]Rincian Keluar'!$D:$D,'PELANGI 04'!$D$1,'[1]Rincian Keluar'!$H:$H,'PELANGI 04'!$J$1,'[1]Rincian Keluar'!$F:$F,'PELANGI 04'!M13) -> 1 | F13: 500000 | G13: =E13*F13 -> 500000 | M13: =$C$6 -> PONDASI
B14: 8 | C14: Semen PCC 40 Kg Tiga Roda | D14: =IFERROR(HLOOKUP($J$1,[1]DB!$C$1:$K$172,14,FALSE),"") -> 42 | E14: =SUMIFS('[1]Rincian Keluar'!$G:$G,'[1]Rincian Keluar'!$E:$E,'PELANGI 04'!C14,'[1]Rincian Keluar'!$D:$D,'PELANGI 04'!$D$1,'[1]Rincian Keluar'!$H:$H,'PELANGI 04'!$J$1,'[1]Rincian Keluar'!$F:$F,'PELANGI 04'!M14) -> 45 | F14: 60700 | G14: =E14*F14 -> 2731500 | M14: =$C$6 -> PONDASI
B15: B | C15: URUG
B16: 1 | C16: Pasir | D16: =IFERROR(HLOOKUP($J$1,[1]DB!$C$1:$K$172,16,FALSE),"") -> 35 | E16: =SUMIFS('[1]Rincian Keluar'!$G:$G,'[1]Rincian Keluar'!$E:$E,'PELANGI 04'!C16,'[1]Rincian Keluar'!$D:$D,'PELANGI 04'!$D$1,'[1]Rincian Keluar'!$H:$H,'PELANGI 04'!$J$1,'[1]Rincian Keluar'!$F:$F,'PELANGI 04'!M16) -> 0 | F16: 150000 | G16: =E16*F16 -> 0 | I16: =IFERROR(VLOOKUP($C15,[1]HK!$B$5:$C$14,2,FALSE),"")*$J1 -> 918500 | M16: =$C$15 -> URUG
B17: 2 | C17: Pipa 4" | D17: =IFERROR(HLOOKUP($J$1,[1]DB!$C$1:$K$172,17,FALSE),"") -> 2 | E17: =SUMIFS('[1]Rincian Keluar'!$G:$G,'[1]Rincian Keluar'!$E:$E,'PELANGI 04'!C17,'[1]Rincian Keluar'!$D:$D,'PELANGI 04'!$D$1,'[1]Rincian Keluar'!$H:$H,'PELANGI 04'!$J$1,'[1]Rincian Keluar'!$F:$F,'PELANGI 04'!M17) -> 0 | F17: 133500 | G17: =E17*F17 -> 0 | M17: =$C$15 -> URUG
B18: 3 | C18: Pipa 2" | D18: =IFERROR(HLOOKUP($J$1,[1]DB!$C$1:$K$172,18,FALSE),"") -> 2 | E18: =SUMIFS('[1]Rincian Keluar'!$G:$G,'[1]Rincian Keluar'!$E:$E,'PELANGI 04'!C18,'[1]Rincian Keluar'!$D:$D,'PELANGI 04'!$D$1,'[1]Rincian Keluar'!$H:$H,'PELANGI 04'!$J$1,'[1]Rincian Keluar'!$F:$F,'PELANGI 04'!M18) -> 0 | F18: 48000 | G18: =E18*F18 -> 0 | M18: =$C$15 -> URUG
B19: C | C19: COR LANTAI
B20: 1 | C20: Besi ø6 | D20: =IFERROR(HLOOKUP($J$1,[1]DB!$C$1:$K$172,20,FALSE),"") -> 17 | E20: =SUMIFS('[1]Rincian Keluar'!$G:$G,'[1]Rincian Keluar'!$E:$E,'PELANGI 04'!C20,'[1]Rincian Keluar'!$D:$D,'PELANGI 04'!$D$1,'[1]Rincian Keluar'!$H:$H,'PELANGI 04'!$J$1,'[1]Rincian Keluar'!$F:$F,'PELANGI 04'!M20) -> 0 | F20: 22000 | G20: =E20*F20 -> 0 | I20: =IFERROR(VLOOKUP($C19,[1]HK!$B$5:$C$14,2,FALSE),"")*$J1 -> 550000 | M20: =$C$19 -> COR LANTAI
B21: 2 | C21: Pasir | D21: =IFERROR(HLOOKUP($J$1,[1]DB!$C$1:$K$172,21,FALSE),"") -> 5 | E21: =SUMIFS('[1]Rincian Keluar'!$G:$G,'[1]Rincian Keluar'!$E:$E,'PELANGI 04'!C21,'[1]Rincian Keluar'!$D:$D,'PELANGI 04'!$D$1,'[1]Rincian Keluar'!$H:$H,'PELANGI 04'!$J$1,'[1]Rincian Keluar'!$F:$F,'PELANGI 04'!M21) -> 0 | F21: 150000 | G21: =E21*F21 -> 0 | M21: =$C$19 -> COR LANTAI
B22: 3 | C22: Semen PCC 40 Kg Tiga Roda | D22: =IFERROR(HLOOKUP($J$1,[1]DB!$C$1:$K$172,22,FALSE),"") -> 15 | E22: =SUMIFS('[1]Rincian Keluar'!$G:$G,'[1]Rincian Keluar'!$E:$E,'PELANGI 04'!C22,'[1]Rincian Keluar'!$D:$D,'PELANGI 04'!$D$1,'[1]Rincian Keluar'!$H:$H,'PELANGI 04'!$J$1,'[1]Rincian Keluar'!$F:$F,'PELANGI 04'!M22) -> 0 | F22: 60700 | G22: =E22*F22 -> 0 | M22: =$C$19 -> COR LANTAI
B23: 4 | C23: Plastik cor | D23: =IFERROR(HLOOKUP($J$1,[1]DB!$C$1:$K$172,23,FALSE),"") -> 7 | E23: =SUMIFS('[1]Rincian Keluar'!$G:$G,'[1]Rincian Keluar'!$E:$E,'PELANGI 04'!C23,'[1]Rincian Keluar'!$D:$D,'PELANGI 04'!$D$1,'[1]Rincian Keluar'!$H:$H,'PELANGI 04'!$J$1,'[1]Rincian Keluar'!$F:$F,'PELANGI 04'!M23) -> 0 | F23: 15000 | G23: =E23*F23 -> 0 | M23: =$C$19 -> COR LANTAI
B24: D | C24: PINTU
B25: 1 | C25: Pintu Kayu 120 x 220 | D25: =IFERROR(HLOOKUP($J$1,[1]DB!$C$1:$K$172,25,FALSE),"") -> 1 | E25: =SUMIFS('[1]Rincian Keluar'!$G:$G,'[1]Rincian Keluar'!$E:$E,'PELANGI 04'!C25,'[1]Rincian Keluar'!$D:$D,'PELANGI 04'!$D$1,'[1]Rincian Keluar'!$H:$H,'PELANGI 04'!$J$1,'[1]Rincian Keluar'!$F:$F,'PELANGI 04'!M25) -> 0 | F25: 1550000 | G25: =E25*F25 -> 0 | I25: =IFERROR(VLOOKUP($C24,[1]HK!$B$5:$C$14,2,FALSE),"")*$J1 -> #VALUE! | M25: =$C$24 -> PINTU
B26: 2 | C26: Pintu Kayu 80 x 220 | D26: =IFERROR(HLOOKUP($J$1,[1]DB!$C$1:$K$172,26,FALSE),"") -> 3 | E26: =SUMIFS('[1]Rincian Keluar'!$G:$G,'[1]Rincian Keluar'!$E:$E,'PELANGI 04'!C26,'[1]Rincian Keluar'!$D:$D,'PELANGI 04'!$D$1,'[1]Rincian Keluar'!$H:$H,'PELANGI 04'!$J$1,'[1]Rincian Keluar'!$F:$F,'PELANGI 04'!M26) -> 0 | F26: 775000 | G26: =E26*F26 -> 0 | M26: =$C$24 -> PINTU
B27: 3 | C27: Pintu WC PVC Biru | D27: =IFERROR(HLOOKUP($J$1,[1]DB!$C$1:$K$172,27,FALSE),"") -> 2 | E27: =SUMIFS('[1]Rincian Keluar'!$G:$G,'[1]Rincian Keluar'!$E:$E,'PELANGI 04'!C27,'[1]Rincian Keluar'!$D:$D,'PELANGI 04'!$D$1,'[1]Rincian Keluar'!$H:$H,'PELANGI 04'!$J$1,'[1]Rincian Keluar'!$F:$F,'PELANGI 04'!M27) -> 0 | F27: 260000 | G27: =E27*F27 -> 0 | M27: =$C$24 -> PINTU
B28: 4 | C28: Pintu WC Edenjoice Putih | D28: =IFERROR(HLOOKUP($J$1,[1]DB!$C$1:$K$172,28,FALSE),"") -> 1 | E28: =SUMIFS('[1]Rincian Keluar'!$G:$G,'[1]Rincian Keluar'!$E:$E,'PELANGI 04'!C28,'[1]Rincian Keluar'!$D:$D,'PELANGI 04'!$D$1,'[1]Rincian Keluar'!$H:$H,'PELANGI 04'!$J$1,'[1]Rincian Keluar'!$F:$F,'PELANGI 04'!M28) -> 0 | F28: 799000 | G28: =E28*F28 -> 0 | M28: =$C$24 -> PINTU
B29: 5 | C29: Engsel Pintu 4" | D29: =IFERROR(HLOOKUP($J$1,[1]DB!$C$1:$K$172,29,FALSE),"") -> 15 | E29: =SUMIFS('[1]Rincian Keluar'!$G:$G,'[1]Rincian Keluar'!$E:$E,'PELANGI 04'!C29,'[1]Rincian Keluar'!$D:$D,'PELANGI 04'!$D$1,'[1]Rincian Keluar'!$H:$H,'PELANGI 04'!$J$1,'[1]Rincian Keluar'!$F:$F,'PELANGI 04'!M29) -> 0 | F29: 15000 | G29: =E29*F29 -> 0 | M29: =$C$24 -> PINTU
B30: 6 | C30: Peganggan pintu 2 daun | D30: =IFERROR(HLOOKUP($J$1,[1]DB!$C$1:$K$172,30,FALSE),"") -> 2 | E30: =SUMIFS('[1]Rincian Keluar'!$G:$G,'[1]Rincian Keluar'!$E:$E,'PELANGI 04'!C30,'[1]Rincian Keluar'!$D:$D,'PELANGI 04'!$D$1,'[1]Rincian Keluar'!$H:$H,'PELANGI 04'!$J$1,'[1]Rincian Keluar'!$F:$F,'PELANGI 04'!M30) -> 0 | F30: 100000 | G30: =E30*F30 -> 0 | M30: =$C$24 -> PINTU
B31: 7 | C31: Pengunci Pintu 2 daun | D31: =IFERROR(HLOOKUP($J$1,[1]DB!$C$1:$K$172,31,FALSE),"") -> 1 | E31: =SUMIFS('[1]Rincian Keluar'!$G:$G,'[1]Rincian Keluar'!$E:$E,'PELANGI 04'!C31,'[1]Rincian Keluar'!$D:$D,'PELANGI 04'!$D$1,'[1]Rincian Keluar'!$H:$H,'PELANGI 04'!$J$1,'[1]Rincian Keluar'!$F:$F,'PELANGI 04'!M31) -> 0 | F31: 60000 | G31: =E31*F31 -> 0 | M31: =$C$24 -> PINTU
B32: 8 | C32: Pegangan kunci 1 daun | D32: =IFERROR(HLOOKUP($J$1,[1]DB!$C$1:$K$172,32,FALSE),"") -> 3 | E32: =SUMIFS('[1]Rincian Keluar'!$G:$G,'[1]Rincian Keluar'!$E:$E,'PELANGI 04'!C32,'[1]Rincian Keluar'!$D:$D,'PELANGI 04'!$D$1,'[1]Rincian Keluar'!$H:$H,'PELANGI 04'!$J$1,'[1]Rincian Keluar'!$F:$F,'PELANGI 04'!M32) -> 0 | F32: 65000 | G32: =E32*F32 -> 0 | M32: =$C$24 -> PINTU
B33: 9 | C33: Avian | D33: =IFERROR(HLOOKUP($J$1,[1]DB!$C$1:$K$172,33,FALSE),"") -> 4 | E33: =SUMIFS('[1]Rincian Keluar'!$G:$G,'[1]Rincian Keluar'!$E:$E,'PELANGI 04'!C33,'[1]Rincian Keluar'!$D:$D,'PELANGI 04'!$D$1,'[1]Rincian Keluar'!$H:$H,'PELANGI 04'!$J$1,'[1]Rincian Keluar'!$F:$F,'PELANGI 04'!M33) -> 0 | F33: 83000 | G33: =E33*F33 -> 0 | M33: =$C$24 -> PINTU
B34: 10 | C34: Tinner Nb Kaleng | D34: =IFERROR(HLOOKUP($J$1,[1]DB!$C$1:$K$172,34,FALSE),"") -> 2 | E34: =SUMIFS('[1]Rincian Keluar'!$G:$G,'[1]Rincian Keluar'!$E:$E,'PELANGI 04'!C34,'[1]Rincian Keluar'!$D:$D,'PELANGI 04'!$D$1,'[1]Rincian Keluar'!$H:$H,'PELANGI 04'!$J$1,'[1]Rincian Keluar'!$F:$F,'PELANGI 04'!M34) -> 0 | F34: 23000 | G34: =E34*F34 -> 0 | M34: =$C$24 -> PINTU
B35: 11 | C35: Slot 6 " | D35: =IFERROR(HLOOKUP($J$1,[1]DB!$C$1:$K$172,35,FALSE),"") -> 1 | E35: =SUMIFS('[1]Rincian Keluar'!$G:$G,'[1]Rincian Keluar'!$E:$E,'PELANGI 04'!C35,'[1]Rincian Keluar'!$D:$D,'PELANGI 04'!$D$1,'[1]Rincian Keluar'!$H:$H,'PELANGI 04'!$J$1,'[1]Rincian Keluar'!$F:$F,'PELANGI 04'!M35) -> 0 | F35: 17000 | G35: =E35*F35 -> 0 | M35: =$C$24 -> PINTU
B36: 12 | C36: Slot 4" | D36: =IFERROR(HLOOKUP($J$1,[1]DB!$C$1:$K$172,36,FALSE),"") -> 1 | E36: =SUMIFS('[1]Rincian Keluar'!$G:$G,'[1]Rincian Keluar'!$E:$E,'PELANGI 04'!C36,'[1]Rincian Keluar'!$D:$D,'PELANGI 04'!$D$1,'[1]Rincian Keluar'!$H:$H,'PELANGI 04'!$J$1,'[1]Rincian Keluar'!$F:$F,'PELANGI 04'!M36) -> 0 | F36: 11000 | G36: =E36*F36 -> 0 | M36: =$C$24 -> PINTU
B37: E | C37: BATA
B38: 1 | C38: Papan | D38: =IFERROR(HLOOKUP($J$1,[1]DB!$C$1:$K$172,38,FALSE),"") -> 26 | E38: =SUMIFS('[1]Rincian Keluar'!$G:$G,'[1]Rincian Keluar'!$E:$E,'PELANGI 04'!C38,'[1]Rincian Keluar'!$D:$D,'PELANGI 04'!$D$1,'[1]Rincian Keluar'!$H:$H,'PELANGI 04'!$J$1,'[1]Rincian Keluar'!$F:$F,'PELANGI 04'!M38) -> 0 | F38: 11000 | G38: =E38*F38 -> 0 | I38: =IFERROR(VLOOKUP($C37,[1]HK!$B$5:$C$14,2,FALSE),"")*$J1 -> 3822500 | M38: =$C$37 -> BATA
B39: 2 | C39: Kayu 3/5 | D39: =IFERROR(HLOOKUP($J$1,[1]DB!$C$1:$K$172,39,FALSE),"") -> 28 | E39: =SUMIFS('[1]Rincian Keluar'!$G:$G,'[1]Rincian Keluar'!$E:$E,'PELANGI 04'!C39,'[1]Rincian Keluar'!$D:$D,'PELANGI 04'!$D$1,'[1]Rincian Keluar'!$H:$H,'PELANGI 04'!$J$1,'[1]Rincian Keluar'!$F:$F,'PELANGI 04'!M39) -> 0 | F39: 11000 | G39: =E39*F39 -> 0 | M39: =$C$37 -> BATA
B40: 3 | C40: Besi ø6 | D40: =IFERROR(HLOOKUP($J$1,[1]DB!$C$1:$K$172,40,FALSE),"") -> 5 | E40: =SUMIFS('[1]Rincian Keluar'!$G:$G,'[1]Rincian Keluar'!$E:$E,'PELANGI 04'!C40,'[1]Rincian Keluar'!$D:$D,'PELANGI 04'!$D$1,'[1]Rincian Keluar'!$H:$H,'PELANGI 04'!$J$1,'[1]Rincian Keluar'!$F:$F,'PELANGI 04'!M40) -> 0 | F40: 22000 | G40: =E40*F40 -> 0 | M40: =$C$37 -> BATA
B41: 4 | C41: Besi ø8 | D41: =IFERROR(HLOOKUP($J$1,[1]DB!$C$1:$K$172,41,FALSE),"") -> 9 | E41: =SUMIFS('[1]Rincian Keluar'!$G:$G,'[1]Rincian Keluar'!$E:$E,'PELANGI 04'!C41,'[1]Rincian Keluar'!$D:$D,'PELANGI 04'!$D$1,'[1]Rincian Keluar'!$H:$H,'PELANGI 04'!$J$1,'[1]Rincian Keluar'!$F:$F,'PELANGI 04'!M41) -> 0 | F41: 35000 | G41: =E41*F41 -> 0 | M41: =$C$37 -> BATA
B42: 5 | C42: Besi ø6 | D42: =IFERROR(HLOOKUP($J$1,[1]DB!$C$1:$K$172,42,FALSE),"") -> 2 | E42: =SUMIFS('[1]Rincian Keluar'!$G:$G,'[1]Rincian Keluar'!$E:$E,'PELANGI 04'!C42,'[1]Rincian Keluar'!$D:$D,'PELANGI 04'!$D$1,'[1]Rincian Keluar'!$H:$H,'PELANGI 04'!$J$1,'[1]Rincian Keluar'!$F:$F,'PELANGI 04'!M42) -> 0 | F42: =F40 -> 22000 | G42: =E42*F42 -> 0 | M42: =$C$37 -> BATA
B43: 6 | C43: Kusen Pintu ( 2 Daun ) | D43: =IFERROR(HLOOKUP($J$1,[1]DB!$C$1:$K$172,43,FALSE),"") -> 1 | E43: =SUMIFS('[1]Rincian Keluar'!$G:$G,'[1]Rincian Keluar'!$E:$E,'PELANGI 04'!C43,'[1]Rincian Keluar'!$D:$D,'PELANGI 04'!$D$1,'[1]Rincian Keluar'!$H:$H,'PELANGI 04'!$J$1,'[1]Rincian Keluar'!$F:$F,'PELANGI 04'!M43) -> 0 | F43: 363250 | G43: =E43*F43 -> 0 | M43: =$C$37 -> BATA
B44: 7 | C44: Kusen Pintu ( 1 Daun ) | D44: =IFERROR(HLOOKUP($J$1,[1]DB!$C$1:$K$172,44,FALSE),"") -> 3 | E44: =SUMIFS('[1]Rincian Keluar'!$G:$G,'[1]Rincian Keluar'!$E:$E,'PELANGI 04'!C44,'[1]Rincian Keluar'!$D:$D,'PELANGI 04'!$D$1,'[1]Rincian Keluar'!$H:$H,'PELANGI 04'!$J$1,'[1]Rincian Keluar'!$F:$F,'PELANGI 04'!M44) -> 0 | F44: 337050 | G44: =E44*F44 -> 0 | M44: =$C$37 -> BATA
B45: 8 | C45: Bata | D45: =IFERROR(HLOOKUP($J$1,[1]DB!$C$1:$K$172,45,FALSE),"") -> 2562 | E45: =SUMIFS('[1]Rincian Keluar'!$G:$G,'[1]Rincian Keluar'!$E:$E,'PELANGI 04'!C45,'[1]Rincian Keluar'!$D:$D,'PELANGI 04'!$D$1,'[1]Rincian Keluar'!$H:$H,'PELANGI 04'!$J$1,'[1]Rincian Keluar'!$F:$F,'PELANGI 04'!M45) -> 0 | F45: 1850 | G45: =E45*F45 -> 0 | M45: =$C$37 -> BATA
B46: 9 | C46: Semen PCC 40 Kg Tiga Roda | D46: =IFERROR(HLOOKUP($J$1,[1]DB!$C$1:$K$172,46,FALSE),"") -> 21 | E46: =SUMIFS('[1]Rincian Keluar'!$G:$G,'[1]Rincian Keluar'!$E:$E,'PELANGI 04'!C46,'[1]Rincian Keluar'!$D:$D,'PELANGI 04'!$D$1,'[1]Rincian Keluar'!$H:$H,'PELANGI 04'!$J$1,'[1]Rincian Keluar'!$F:$F,'PELANGI 04'!M46) -> 0 | F46: 60700 | G46: =E46*F46 -> 0 | M46: =$C$37 -> BATA
B47: 10 | C47: Pasir | D47: =IFERROR(HLOOKUP($J$1,[1]DB!$C$1:$K$172,47,FALSE),"") -> 5 | E47: =SUMIFS('[1]Rincian Keluar'!$G:$G,'[1]Rincian Keluar'!$E:$E,'PELANGI 04'!C47,'[1]Rincian Keluar'!$D:$D,'PELANGI 04'!$D$1,'[1]Rincian Keluar'!$H:$H,'PELANGI 04'!$J$1,'[1]Rincian Keluar'!$F:$F,'PELANGI 04'!M47) -> 0 | F47: 150000 | G47: =E47*F47 -> 0 | M47: =$C$37 -> BATA
B48: 11 | C48: Besi ø6 | D48: =IFERROR(HLOOKUP($J$1,[1]DB!$C$1:$K$172,48,FALSE),"") -> 5 | E48: =SUMIFS('[1]Rincian Keluar'!$G:$G,'[1]Rincian Keluar'!$E:$E,'PELANGI 04'!C48,'[1]Rincian Keluar'!$D:$D,'PELANGI 04'!$D$1,'[1]Rincian Keluar'!$H:$H,'PELANGI 04'!$J$1,'[1]Rincian Keluar'!$F:$F,'PELANGI 04'!M48) -> 0 | F48: =F7 -> 21500 | G48: =E48*F48 -> 0 | M48: =$C$37 -> BATA
B49: F | C49: Cor Tiang Depan | M49: =$C$37 -> BATA
B50: 1 | C50: Semen PCC 40 Kg Tiga Roda | D50: =IFERROR(HLOOKUP($J$1,[1]DB!$C$1:$K$172,50,FALSE),"") -> 5 | E50: =SUMIFS('[1]Rincian Keluar'!$G:$G,'[1]Rincian Keluar'!$E:$E,'PELANGI 04'!C50,'[1]Rincian Keluar'!$D:$D,'PELANGI 04'!$D$1,'[1]Rincian Keluar'!$H:$H,'PELANGI 04'!$J$1,'[1]Rincian Keluar'!$F:$F,'PELANGI 04'!M50) -> 0 | F50: 60700 | G50: =E50*F50 -> 0 | M50: =$C$37 -> BATA
B51: 2 | C51: Pasir | D51: =IFERROR(HLOOKUP($J$1,[1]DB!$C$1:$K$172,51,FALSE),"") -> 1 | E51: =SUMIFS('[1]Rincian Keluar'!$G:$G,'[1]Rincian Keluar'!$E:$E,'PELANGI 04'!C51,'[1]Rincian Keluar'!$D:$D,'PELANGI 04'!$D$1,'[1]Rincian Keluar'!$H:$H,'PELANGI 04'!$J$1,'[1]Rincian Keluar'!$F:$F,'PELANGI 04'!M51) -> 0 | F51: 150000 | G51: =E51*F51 -> 0 | M51: =$C$37 -> BATA
B52: 3 | C52: Batu | D52: =IFERROR(HLOOKUP($J$1,[1]DB!$C$1:$K$172,52,FALSE),"") -> 2 | E52: =SUMIFS('[1]Rincian Keluar'!$G:$G,'[1]Rincian Keluar'!$E:$E,'PELANGI 04'!C52,'[1]Rincian Keluar'!$D:$D,'PELANGI 04'!$D$1,'[1]Rincian Keluar'!$H:$H,'PELANGI 04'!$J$1,'[1]Rincian Keluar'!$F:$F,'PELANGI 04'!M52) -> 0 | G52: =E52*F52 -> 0 | M52: =$C$37 -> BATA
B53: 4 | C53: Besi ø6 | D53: =IFERROR(HLOOKUP($J$1,[1]DB!$C$1:$K$172,53,FALSE),"") -> 3 | E53: =SUMIFS('[1]Rincian Keluar'!$G:$G,'[1]Rincian Keluar'!$E:$E,'PELANGI 04'!C53,'[1]Rincian Keluar'!$D:$D,'PELANGI 04'!$D$1,'[1]Rincian Keluar'!$H:$H,'PELANGI 04'!$J$1,'[1]Rincian Keluar'!$F:$F,'PELANGI 04'!M53) -> 0 | F53: 22000 | G53: =E53*F53 -> 0 | M53: =$C$37 -> BATA
B54: 5 | C54: Besi ø8 | D54: =IFERROR(HLOOKUP($J$1,[1]DB!$C$1:$K$172,54,FALSE),"") -> 4 | E54: =SUMIFS('[1]Rincian Keluar'!$G:$G,'[1]Rincian Keluar'!$E:$E,'PELANGI 04'!C54,'[1]Rincian Keluar'!$D:$D,'PELANGI 04'!$D$1,'[1]Rincian Keluar'!$H:$H,'PELANGI 04'!$J$1,'[1]Rincian Keluar'!$F:$F,'PELANGI 04'!M54) -> 0 | F54: 35000 | G54: =E54*F54 -> 0 | M54: =$C$37 -> BATA
B55: 6 | C55: Multiplek | D55: =IFERROR(HLOOKUP($J$1,[1]DB!$C$1:$K$172,55,FALSE),"") -> 1 | E55: =SUMIFS('[1]Rincian Keluar'!$G:$G,'[1]Rincian Keluar'!$E:$E,'PELANGI 04'!C55,'[1]Rincian Keluar'!$D:$D,'PELANGI 04'!$D$1,'[1]Rincian Keluar'!$H:$H,'PELANGI 04'!$J$1,'[1]Rincian Keluar'!$F:$F,'PELANGI 04'!M55) -> 0 | F55: 130000 | G55: =E55*F55 -> 0 | M55: =$C$37 -> BATA
B56: 7 | C56: Kayu 3/5 | D56: =IFERROR(HLOOKUP($J$1,[1]DB!$C$1:$K$172,56,FALSE),"") -> 22 | E56: =SUMIFS('[1]Rincian Keluar'!$G:$G,'[1]Rincian Keluar'!$E:$E,'PELANGI 04'!C56,'[1]Rincian Keluar'!$D:$D,'PELANGI 04'!$D$1,'[1]Rincian Keluar'!$H:$H,'PELANGI 04'!$J$1,'[1]Rincian Keluar'!$F:$F,'PELANGI 04'!M56) -> 0 | F56: 11000 | G56: =E56*F56 -> 0 | M56: =$C$37 -> BATA
B57: 8 | C57: Bata | D57: =IFERROR(HLOOKUP($J$1,[1]DB!$C$1:$K$172,57,FALSE),"") -> 81 | E57: =SUMIFS('[1]Rincian Keluar'!$G:$G,'[1]Rincian Keluar'!$E:$E,'PELANGI 04'!C57,'[1]Rincian Keluar'!$D:$D,'PELANGI 04'!$D$1,'[1]Rincian Keluar'!$H:$H,'PELANGI 04'!$J$1,'[1]Rincian Keluar'!$F:$F,'PELANGI 04'!M57) -> 0 | F57: 1850 | G57: =E57*F57 -> 0 | M57: =$C$37 -> BATA
B58: 9 | C58: Cerucuk | D58: =IFERROR(HLOOKUP($J$1,[1]DB!$C$1:$K$172,58,FALSE),"") -> 8 | E58: =SUMIFS('[1]Rincian Keluar'!$G:$G,'[1]Rincian Keluar'!$E:$E,'PELANGI 04'!C58,'[1]Rincian Keluar'!$D:$D,'PELANGI 04'!$D$1,'[1]Rincian Keluar'!$H:$H,'PELANGI 04'!$J$1,'[1]Rincian Keluar'!$F:$F,'PELANGI 04'!M58) -> 0 | F58: 8000 | G58: =E58*F58 -> 0 | M58: =$C$37 -> BATA
B59: 10 | C59: Papan Mal | D59: =IFERROR(HLOOKUP($J$1,[1]DB!$C$1:$K$172,59,FALSE),"") -> 7 | E59: =SUMIFS('[1]Rincian Keluar'!$G:$G,'[1]Rincian Keluar'!$E:$E,'PELANGI 04'!C59,'[1]Rincian Keluar'!$D:$D,'PELANGI 04'!$D$1,'[1]Rincian Keluar'!$H:$H,'PELANGI 04'!$J$1,'[1]Rincian Keluar'!$F:$F,'PELANGI 04'!M59) -> 0 | F59: 11000 | G59: =E59*F59 -> 0 | M59: =$C$37 -> BATA
B60: G | C60: PLASTER
B61: 1 | C61: Semen PCC 40 Kg Tiga Roda | D61: =IFERROR(HLOOKUP($J$1,[1]DB!$C$1:$K$172,61,FALSE),"") -> 38 | E61: =SUMIFS('[1]Rincian Keluar'!$G:$G,'[1]Rincian Keluar'!$E:$E,'PELANGI 04'!C61,'[1]Rincian Keluar'!$D:$D,'PELANGI 04'!$D$1,'[1]Rincian Keluar'!$H:$H,'PELANGI 04'!$J$1,'[1]Rincian Keluar'!$F:$F,'PELANGI 04'!M61) -> 0 | F61: 60700 | G61: =E61*F61 -> 0 | I61: =IFERROR(VLOOKUP($C60,[1]HK!$B$5:$C$14,2,FALSE),"")*$J1 -> 3437500 | J61: =E61*F61 -> 0 | M61: =$C$60 -> PLASTER
B62: 2 | C62: Pasir | D62: =IFERROR(HLOOKUP($J$1,[1]DB!$C$1:$K$172,62,FALSE),"") -> 8 | E62: =SUMIFS('[1]Rincian Keluar'!$G:$G,'[1]Rincian Keluar'!$E:$E,'PELANGI 04'!C62,'[1]Rincian Keluar'!$D:$D,'PELANGI 04'!$D$1,'[1]Rincian Keluar'!$H:$H,'PELANGI 04'!$J$1,'[1]Rincian Keluar'!$F:$F,'PELANGI 04'!M62) -> 0 | F62: 150000 | G62: =E62*F62 -> 0 | M62: =$C$60 -> PLASTER
B63: 3 | C63: Pipa 5/8 | D63: =IFERROR(HLOOKUP($J$1,[1]DB!$C$1:$K$172,63,FALSE),"") -> 7 | E63: =SUMIFS('[1]Rincian Keluar'!$G:$G,'[1]Rincian Keluar'!$E:$E,'PELANGI 04'!C63,'[1]Rincian Keluar'!$D:$D,'PELANGI 04'!$D$1,'[1]Rincian Keluar'!$H:$H,'PELANGI 04'!$J$1,'[1]Rincian Keluar'!$F:$F,'PELANGI 04'!M63) -> 0 | F63: 8600 | G63: =E63*F63 -> 0 | M63: =$C$60 -> PLASTER
B64: H | C64: ATAP
B65: 1 | C65: Kayu 3/5 | D65: =IFERROR(HLOOKUP($J$1,[1]DB!$C$1:$K$172,65,FALSE),"") -> 66 | E65: =SUMIFS('[1]Rincian Keluar'!$G:$G,'[1]Rincian Keluar'!$E:$E,'PELANGI 04'!C65,'[1]Rincian Keluar'!$D:$D,'PELANGI 04'!$D$1,'[1]Rincian Keluar'!$H:$H,'PELANGI 04'!$J$1,'[1]Rincian Keluar'!$F:$F,'PELANGI 04'!M65) -> 0 | F65: 11000 | G65: =E65*F65 -> 0 | I65: =IFERROR(VLOOKUP($C64,[1]HK!$B$5:$C$14,2,FALSE),"")*$J1 -> 1837000 | M65: =$C$64 -> ATAP
B66: 2 | C66: Kayu 4/6 | D66: =IFERROR(HLOOKUP($J$1,[1]DB!$C$1:$K$172,66,FALSE),"") -> 44 | E66: =SUMIFS('[1]Rincian Keluar'!$G:$G,'[1]Rincian Keluar'!$E:$E,'PELANGI 04'!C66,'[1]Rincian Keluar'!$D:$D,'PELANGI 04'!$D$1,'[1]Rincian Keluar'!$H:$H,'PELANGI 04'!$J$1,'[1]Rincian Keluar'!$F:$F,'PELANGI 04'!M66) -> 0 | F66: 15000 | G66: =E66*F66 -> 0 | M66: =$C$64 -> ATAP
B67: 3 | C67: Kayu 5/7 | D67: =IFERROR(HLOOKUP($J$1,[1]DB!$C$1:$K$172,67,FALSE),"") -> 32 | E67: =SUMIFS('[1]Rincian Keluar'!$G:$G,'[1]Rincian Keluar'!$E:$E,'PELANGI 04'!C67,'[1]Rincian Keluar'!$D:$D,'PELANGI 04'!$D$1,'[1]Rincian Keluar'!$H:$H,'PELANGI 04'!$J$1,'[1]Rincian Keluar'!$F:$F,'PELANGI 04'!M67) -> 0 | F67: 30000 | G67: =E67*F67 -> 0 | M67: =$C$64 -> ATAP
B68: 4 | C68: Lisplank | D68: =IFERROR(HLOOKUP($J$1,[1]DB!$C$1:$K$172,68,FALSE),"") -> 10 | E68: =SUMIFS('[1]Rincian Keluar'!$G:$G,'[1]Rincian Keluar'!$E:$E,'PELANGI 04'!C68,'[1]Rincian Keluar'!$D:$D,'PELANGI 04'!$D$1,'[1]Rincian Keluar'!$H:$H,'PELANGI 04'!$J$1,'[1]Rincian Keluar'!$F:$F,'PELANGI 04'!M68) -> 0 | F68: 60000 | G68: =E68*F68 -> 0 | M68: =$C$64 -> ATAP
B69: 5 | C69: Seng Metal 4 Susun (merah) | D69: =IFERROR(HLOOKUP($J$1,[1]DB!$C$1:$K$172,69,FALSE),"") -> 75 | E69: =SUMIFS('[1]Rincian Keluar'!$G:$G,'[1]Rincian Keluar'!$E:$E,'PELANGI 04'!C69,'[1]Rincian Keluar'!$D:$D,'PELANGI 04'!$D$1,'[1]Rincian Keluar'!$H:$H,'PELANGI 04'!$J$1,'[1]Rincian Keluar'!$F:$F,'PELANGI 04'!M69) -> 0 | F69: 52000 | G69: =E69*F69 -> 0 | M69: =$C$64 -> ATAP
B70: 6 | C70: Seng Metal 2 Susun (hitam) | D70: =IFERROR(HLOOKUP($J$1,[1]DB!$C$1:$K$172,70,FALSE),"") -> 0 | E70: =SUMIFS('[1]Rincian Keluar'!$G:$G,'[1]Rincian Keluar'!$E:$E,'PELANGI 04'!C70,'[1]Rincian Keluar'!$D:$D,'PELANGI 04'!$D$1,'[1]Rincian Keluar'!$H:$H,'PELANGI 04'!$J$1,'[1]Rincian Keluar'!$F:$F,'PELANGI 04'!M70) -> 0 | F70: 36000 | G70: =E70*F70 -> 0 | M70: =$C$64 -> ATAP
B71: 7 | C71: Perabung Hitam | D71: =IFERROR(HLOOKUP($J$1,[1]DB!$C$1:$K$172,71,FALSE),"") -> 0 | E71: =SUMIFS('[1]Rincian Keluar'!$G:$G,'[1]Rincian Keluar'!$E:$E,'PELANGI 04'!C71,'[1]Rincian Keluar'!$D:$D,'PELANGI 04'!$D$1,'[1]Rincian Keluar'!$H:$H,'PELANGI 04'!$J$1,'[1]Rincian Keluar'!$F:$F,'PELANGI 04'!M71) -> 0 | F71: 50000 | G71: =E71*F71 -> 0 | M71: =$C$64 -> ATAP
B72: 8 | C72: Perabung Merah | D72: =IFERROR(HLOOKUP($J$1,[1]DB!$C$1:$K$172,72,FALSE),"") -> 1.5 | E72: =SUMIFS('[1]Rincian Keluar'!$G:$G,'[1]Rincian Keluar'!$E:$E,'PELANGI 04'!C72,'[1]Rincian Keluar'!$D:$D,'PELANGI 04'!$D$1,'[1]Rincian Keluar'!$H:$H,'PELANGI 04'!$J$1,'[1]Rincian Keluar'!$F:$F,'PELANGI 04'!M72) -> 0 | F72: 650000 | G72: =E72*F72 -> 0 | M72: =$C$64 -> ATAP
B73: 9 | C73: Paku 2 inch | D73: =IFERROR(HLOOKUP($J$1,[1]DB!$C$1:$K$172,73,FALSE),"") -> 1 | E73: =SUMIFS('[1]Rincian Keluar'!$G:$G,'[1]Rincian Keluar'!$E:$E,'PELANGI 04'!C73,'[1]Rincian Keluar'!$D:$D,'PELANGI 04'!$D$1,'[1]Rincian Keluar'!$H:$H,'PELANGI 04'!$J$1,'[1]Rincian Keluar'!$F:$F,'PELANGI 04'!M73) -> 0 | F73: 130000 | G73: =E73*F73 -> 0 | M73: =$C$64 -> ATAP
B74: 10 | C74: Paku 3 inch | D74: =IFERROR(HLOOKUP($J$1,[1]DB!$C$1:$K$172,74,FALSE),"") -> 1 | E74: =SUMIFS('[1]Rincian Keluar'!$G:$G,'[1]Rincian Keluar'!$E:$E,'PELANGI 04'!C74,'[1]Rincian Keluar'!$D:$D,'PELANGI 04'!$D$1,'[1]Rincian Keluar'!$H:$H,'PELANGI 04'!$J$1,'[1]Rincian Keluar'!$F:$F,'PELANGI 04'!M74) -> 0 | F74: 130000 | G74: =E74*F74 -> 0 | M74: =$C$64 -> ATAP
B75: I | C75: DEK
B76: 1 | C76: Kayu 3/5 | D76: =IFERROR(HLOOKUP($J$1,[1]DB!$C$1:$K$172,76,FALSE),"") -> 95 | E76: =SUMIFS('[1]Rincian Keluar'!$G:$G,'[1]Rincian Keluar'!$E:$E,'PELANGI 04'!C76,'[1]Rincian Keluar'!$D:$D,'PELANGI 04'!$D$1,'[1]Rincian Keluar'!$H:$H,'PELANGI 04'!$J$1,'[1]Rincian Keluar'!$F:$F,'PELANGI 04'!M76) -> 0 | F76: 11000 | G76: =E76*F76 -> 0 | I76: =IFERROR(VLOOKUP($C75,[1]HK!$B$5:$C$14,2,FALSE),"")*$J1 -> 1072500 | M76: =$C$75 -> DEK
B77: 2 | C77: Gypsum | D77: =IFERROR(HLOOKUP($J$1,[1]DB!$C$1:$K$172,77,FALSE),"") -> 25 | E77: =SUMIFS('[1]Rincian Keluar'!$G:$G,'[1]Rincian Keluar'!$E:$E,'PELANGI 04'!C77,'[1]Rincian Keluar'!$D:$D,'PELANGI 04'!$D$1,'[1]Rincian Keluar'!$H:$H,'PELANGI 04'!$J$1,'[1]Rincian Keluar'!$F:$F,'PELANGI 04'!M77) -> 0 | F77: 60000 | G77: =E77*F77 -> 0 | M77: =$C$75 -> DEK
B78: 3 | C78: Baut | D78: =IFERROR(HLOOKUP($J$1,[1]DB!$C$1:$K$172,78,FALSE),"") -> 4 | E78: =SUMIFS('[1]Rincian Keluar'!$G:$G,'[1]Rincian Keluar'!$E:$E,'PELANGI 04'!C78,'[1]Rincian Keluar'!$D:$D,'PELANGI 04'!$D$1,'[1]Rincian Keluar'!$H:$H,'PELANGI 04'!$J$1,'[1]Rincian Keluar'!$F:$F,'PELANGI 04'!M78) -> 0 | F78: 37000 | G78: =E78*F78 -> 0 | M78: =$C$75 -> DEK
B79: 4 | C79: Paku Beton 4 inch | D79: =IFERROR(HLOOKUP($J$1,[1]DB!$C$1:$K$172,79,FALSE),"") -> 1 | E79: =SUMIFS('[1]Rincian Keluar'!$G:$G,'[1]Rincian Keluar'!$E:$E,'PELANGI 04'!C79,'[1]Rincian Keluar'!$D:$D,'PELANGI 04'!$D$1,'[1]Rincian Keluar'!$H:$H,'PELANGI 04'!$J$1,'[1]Rincian Keluar'!$F:$F,'PELANGI 04'!M79) -> 0 | F79: 5000 | G79: =E79*F79 -> 0 | M79: =$C$75 -> DEK
B80: 5 | C80: Paku 3 imch | D80: =IFERROR(HLOOKUP($J$1,[1]DB!$C$1:$K$172,80,FALSE),"") -> 1 | E80: =SUMIFS('[1]Rincian Keluar'!$G:$G,'[1]Rincian Keluar'!$E:$E,'PELANGI 04'!C80,'[1]Rincian Keluar'!$D:$D,'PELANGI 04'!$D$1,'[1]Rincian Keluar'!$H:$H,'PELANGI 04'!$J$1,'[1]Rincian Keluar'!$F:$F,'PELANGI 04'!M80) -> 0 | F80: 130000 | G80: =E80*F80 -> 0 | M80: =$C$75 -> DEK
B81: 6 | C81: paku 2 inch | D81: =IFERROR(HLOOKUP($J$1,[1]DB!$C$1:$K$172,81,FALSE),"") -> 1 | E81: =SUMIFS('[1]Rincian Keluar'!$G:$G,'[1]Rincian Keluar'!$E:$E,'PELANGI 04'!C81,'[1]Rincian Keluar'!$D:$D,'PELANGI 04'!$D$1,'[1]Rincian Keluar'!$H:$H,'PELANGI 04'!$J$1,'[1]Rincian Keluar'!$F:$F,'PELANGI 04'!M81) -> 0 | F81: 130000 | G81: =E81*F81 -> 0 | M81: =$C$75 -> DEK
B82: J | C82: MINIMALIS
B83: 1 | C83: Bata | D83: =IFERROR(HLOOKUP($J$1,[1]DB!$C$1:$K$172,83,FALSE),"") -> 120 | E83: =SUMIFS('[1]Rincian Keluar'!$G:$G,'[1]Rincian Keluar'!$E:$E,'PELANGI 04'!C83,'[1]Rincian Keluar'!$D:$D,'PELANGI 04'!$D$1,'[1]Rincian Keluar'!$H:$H,'PELANGI 04'!$J$1,'[1]Rincian Keluar'!$F:$F,'PELANGI 04'!M83) -> 0 | F83: 1850 | G83: =E83*F83 -> 0 | I83: =IFERROR(VLOOKUP($C82,[1]HK!$B$5:$C$20,2,FALSE),"")*$J1 -> 693000 | M83: =$C$82 -> MINIMALIS
B84: 2 | C84: Pasir | D84: =IFERROR(HLOOKUP($J$1,[1]DB!$C$1:$K$172,84,FALSE),"") -> 3 | E84: =SUMIFS('[1]Rincian Keluar'!$G:$G,'[1]Rincian Keluar'!$E:$E,'PELANGI 04'!C84,'[1]Rincian Keluar'!$D:$D,'PELANGI 04'!$D$1,'[1]Rincian Keluar'!$H:$H,'PELANGI 04'!$J$1,'[1]Rincian Keluar'!$F:$F,'PELANGI 04'!M84) -> 0 | F84: 150000 | G84: =E84*F84 -> 0 | M84: =$C$82 -> MINIMALIS
B85: 3 | C85: Semen PCC 40 Kg Tiga Roda | D85: =IFERROR(HLOOKUP($J$1,[1]DB!$C$1:$K$172,85,FALSE),"") -> 10 | E85: =SUMIFS('[1]Rincian Keluar'!$G:$G,'[1]Rincian Keluar'!$E:$E,'PELANGI 04'!C85,'[1]Rincian Keluar'!$D:$D,'PELANGI 04'!$D$1,'[1]Rincian Keluar'!$H:$H,'PELANGI 04'!$J$1,'[1]Rincian Keluar'!$F:$F,'PELANGI 04'!M85) -> 0 | F85: 60700 | G85: =E85*F85 -> 0 | M85: =$C$82 -> MINIMALIS
B86: 4 | C86: Keramik 60 x 60 Blackmatt | D86: =IFERROR(HLOOKUP($J$1,[1]DB!$C$1:$K$172,86,FALSE),"") -> 7 | E86: =SUMIFS('[1]Rincian Keluar'!$G:$G,'[1]Rincian Keluar'!$E:$E,'PELANGI 04'!C86,'[1]Rincian Keluar'!$D:$D,'PELANGI 04'!$D$1,'[1]Rincian Keluar'!$H:$H,'PELANGI 04'!$J$1,'[1]Rincian Keluar'!$F:$F,'PELANGI 04'!M86) -> 0 | F86: 165000 | G86: =E86*F86 -> 0 | M86: =$C$82 -> MINIMALIS
B87: K | C87: CARPORT
B88: 1 | C88: Semen PCC 40 Kg Tiga Roda | D88: =IFERROR(HLOOKUP($J$1,[1]DB!$C$1:$K$172,88,FALSE),"") -> 22 | E88: =SUMIFS('[1]Rincian Keluar'!$G:$G,'[1]Rincian Keluar'!$E:$E,'PELANGI 04'!C88,'[1]Rincian Keluar'!$D:$D,'PELANGI 04'!$D$1,'[1]Rincian Keluar'!$H:$H,'PELANGI 04'!$J$1,'[1]Rincian Keluar'!$F:$F,'PELANGI 04'!M88) -> 14 | F88: 60700 | G88: =E88*F88 -> 849800 | H88: 504000 | I88: =IFERROR(VLOOKUP($C87,[1]HK!$B$5:$C$20,2,FALSE),"")*$J1 -> 918500 | J88: =I88-H88 -> 414500 | K88: 1 | M88: =$C$87 -> CARPORT
B89: 2 | C89: Kayu 3/5 | D89: =IFERROR(HLOOKUP($J$1,[1]DB!$C$1:$K$172,89,FALSE),"") -> 8 | E89: =SUMIFS('[1]Rincian Keluar'!$G:$G,'[1]Rincian Keluar'!$E:$E,'PELANGI 04'!C89,'[1]Rincian Keluar'!$D:$D,'PELANGI 04'!$D$1,'[1]Rincian Keluar'!$H:$H,'PELANGI 04'!$J$1,'[1]Rincian Keluar'!$F:$F,'PELANGI 04'!M89) -> 5 | F89: 11000 | G89: =E89*F89 -> 55000 | M89: =$C$87 -> CARPORT
B90: 3 | C90: Cerucuk | D90: =IFERROR(HLOOKUP($J$1,[1]DB!$C$1:$K$172,90,FALSE),"") -> 5 | E90: =SUMIFS('[1]Rincian Keluar'!$G:$G,'[1]Rincian Keluar'!$E:$E,'PELANGI 04'!C90,'[1]Rincian Keluar'!$D:$D,'PELANGI 04'!$D$1,'[1]Rincian Keluar'!$H:$H,'PELANGI 04'!$J$1,'[1]Rincian Keluar'!$F:$F,'PELANGI 04'!M90) -> 5 | F90: 8000 | G90: =E90*F90 -> 40000 | M90: =$C$87 -> CARPORT
B91: 4 | C91: Papan Mal | D91: =IFERROR(HLOOKUP($J$1,[1]DB!$C$1:$K$172,91,FALSE),"") -> 10 | E91: =SUMIFS('[1]Rincian Keluar'!$G:$G,'[1]Rincian Keluar'!$E:$E,'PELANGI 04'!C91,'[1]Rincian Keluar'!$D:$D,'PELANGI 04'!$D$1,'[1]Rincian Keluar'!$H:$H,'PELANGI 04'!$J$1,'[1]Rincian Keluar'!$F:$F,'PELANGI 04'!M91) -> 10 | F91: 11000 | G91: =E91*F91 -> 110000 | M91: =$C$87 -> CARPORT
B92: 5 | C92: Plastik cor | D92: =IFERROR(HLOOKUP($J$1,[1]DB!$C$1:$K$172,92,FALSE),"") -> 7 | E92: =SUMIFS('[1]Rincian Keluar'!$G:$G,'[1]Rincian Keluar'!$E:$E,'PELANGI 04'!C92,'[1]Rincian Keluar'!$D:$D,'PELANGI 04'!$D$1,'[1]Rincian Keluar'!$H:$H,'PELANGI 04'!$J$1,'[1]Rincian Keluar'!$F:$F,'PELANGI 04'!M92) -> 7 | F92: 15000 | G92: =E92*F92 -> 105000 | M92: =$C$87 -> CARPORT
B93: 6 | C93: Besi ø6 | D93: =IFERROR(HLOOKUP($J$1,[1]DB!$C$1:$K$172,93,FALSE),"") -> 2 | E93: =SUMIFS('[1]Rincian Keluar'!$G:$G,'[1]Rincian Keluar'!$E:$E,'PELANGI 04'!C93,'[1]Rincian Keluar'!$D:$D,'PELANGI 04'!$D$1,'[1]Rincian Keluar'!$H:$H,'PELANGI 04'!$J$1,'[1]Rincian Keluar'!$F:$F,'PELANGI 04'!M93) -> 2 | F93: 22000 | G93: =E93*F93 -> 44000 | M93: =$C$87 -> CARPORT
B94: 7 | C94: Besi ø8 | D94: =IFERROR(HLOOKUP($J$1,[1]DB!$C$1:$K$172,94,FALSE),"") -> 15 | E94: =SUMIFS('[1]Rincian Keluar'!$G:$G,'[1]Rincian Keluar'!$E:$E,'PELANGI 04'!C94,'[1]Rincian Keluar'!$D:$D,'PELANGI 04'!$D$1,'[1]Rincian Keluar'!$H:$H,'PELANGI 04'!$J$1,'[1]Rincian Keluar'!$F:$F,'PELANGI 04'!M94) -> 4 | F94: 35000 | G94: =E94*F94 -> 140000 | M94: =$C$87 -> CARPORT
B95: 8 | C95: Batu | D95: =IFERROR(HLOOKUP($J$1,[1]DB!$C$1:$K$172,95,FALSE),"") -> 1 | E95: =SUMIFS('[1]Rincian Keluar'!$G:$G,'[1]Rincian Keluar'!$E:$E,'PELANGI 04'!C95,'[1]Rincian Keluar'!$D:$D,'PELANGI 04'!$D$1,'[1]Rincian Keluar'!$H:$H,'PELANGI 04'!$J$1,'[1]Rincian Keluar'!$F:$F,'PELANGI 04'!M95) -> 0.5 | F95: 500000 | G95: =E95*F95 -> 250000 | M95: =$C$87 -> CARPORT
B96: 9 | C96: Pasir | D96: =IFERROR(HLOOKUP($J$1,[1]DB!$C$1:$K$172,96,FALSE),"") -> 6 | E96: =SUMIFS('[1]Rincian Keluar'!$G:$G,'[1]Rincian Keluar'!$E:$E,'PELANGI 04'!C96,'[1]Rincian Keluar'!$D:$D,'PELANGI 04'!$D$1,'[1]Rincian Keluar'!$H:$H,'PELANGI 04'!$J$1,'[1]Rincian Keluar'!$F:$F,'PELANGI 04'!M96) -> 6 | F96: 150000 | G96: =E96*F96 -> 900000 | M96: =$C$87 -> CARPORT
B97: 10 | C97: Keramik 60 x 60 Blackmatt | D97: =IFERROR(HLOOKUP($J$1,[1]DB!$C$1:$K$172,97,FALSE),"") -> 31 | E97: =SUMIFS('[1]Rincian Keluar'!$G:$G,'[1]Rincian Keluar'!$E:$E,'PELANGI 04'!C97,'[1]Rincian Keluar'!$D:$D,'PELANGI 04'!$D$1,'[1]Rincian Keluar'!$H:$H,'PELANGI 04'!$J$1,'[1]Rincian Keluar'!$F:$F,'PELANGI 04'!M97) -> 0 | F97: 165000 | G97: =E97*F97 -> 0
B98: L | C98: KERAMIK
B99: 1 | C99: Keramik 60 x 60 Cream | D99: =IFERROR(HLOOKUP($J$1,[1]DB!$C$1:$K$172,99,FALSE),"") -> 35 | E99: =SUMIFS('[1]Rincian Keluar'!$G:$G,'[1]Rincian Keluar'!$E:$E,'PELANGI 04'!C99,'[1]Rincian Keluar'!$D:$D,'PELANGI 04'!$D$1,'[1]Rincian Keluar'!$H:$H,'PELANGI 04'!$J$1,'[1]Rincian Keluar'!$F:$F,'PELANGI 04'!M99) -> 0 | F99: 118000 | G99: =E99*F99 -> 0 | I99: =IFERROR(VLOOKUP($C98,[1]HK!$B$5:$C$20,2,FALSE),"")*$J1 -> 1529000 | M99: =$C$98 -> KERAMIK
B100: 2 | C100: Keramik 60 x 60 Blackmatt | D100: =IFERROR(HLOOKUP($J$1,[1]DB!$C$1:$K$172,100,FALSE),"") -> 14 | E100: =SUMIFS('[1]Rincian Keluar'!$G:$G,'[1]Rincian Keluar'!$E:$E,'PELANGI 04'!C100,'[1]Rincian Keluar'!$D:$D,'PELANGI 04'!$D$1,'[1]Rincian Keluar'!$H:$H,'PELANGI 04'!$J$1,'[1]Rincian Keluar'!$F:$F,'PELANGI 04'!M100) -> 0 | F100: 165000 | G100: =E100*F100 -> 0 | M100: =$C$98 -> KERAMIK
B101: 3 | C101: Pasir | D101: =IFERROR(HLOOKUP($J$1,[1]DB!$C$1:$K$172,101,FALSE),"") -> 5 | E101: =SUMIFS('[1]Rincian Keluar'!$G:$G,'[1]Rincian Keluar'!$E:$E,'PELANGI 04'!C101,'[1]Rincian Keluar'!$D:$D,'PELANGI 04'!$D$1,'[1]Rincian Keluar'!$H:$H,'PELANGI 04'!$J$1,'[1]Rincian Keluar'!$F:$F,'PELANGI 04'!M101) -> 0 | F101: 150000 | G101: =E101*F101 -> 0 | M101: =$C$98 -> KERAMIK
B102: 4 | C102: Semen PCC 40 Kg Tiga Roda | D102: =IFERROR(HLOOKUP($J$1,[1]DB!$C$1:$K$172,102,FALSE),"") -> 24 | E102: =SUMIFS('[1]Rincian Keluar'!$G:$G,'[1]Rincian Keluar'!$E:$E,'PELANGI 04'!C102,'[1]Rincian Keluar'!$D:$D,'PELANGI 04'!$D$1,'[1]Rincian Keluar'!$H:$H,'PELANGI 04'!$J$1,'[1]Rincian Keluar'!$F:$F,'PELANGI 04'!M102) -> 0 | F102: 60700 | G102: =E102*F102 -> 0 | M102: =$C$98 -> KERAMIK
...

Sheet ILALANG 02
B1: LOKASI | D1: ILALANG 02 | H1: TYPE | J1: 60
B4: No. | C4: URAIAN PEKERJAAN | D4: BAHAN | F4: HARGA BAHAN | G4: TOTAL HARGA | H4: UPAH | I4: BORONGAN | J4: UNTUNG/RUGI | K4: PROGRES
D5: BAKU | E5: OUT | F5: ( Rp ) | G5: ( Rp )
B6: A | C6: PONDASI
B7: 1 | C7: Besi ø6 | D7: =IFERROR(HLOOKUP($J$1,[1]DB!$C$1:$K$172,7,FALSE),"") -> 15 | E7: =SUMIFS('[1]Rincian Keluar'!$G:$G,'[1]Rincian Keluar'!$E:$E,'ILALANG 02'!C7,'[1]Rincian Keluar'!$D:$D,'ILALANG 02'!$D$1,'[1]Rincian Keluar'!$H:$H,'ILALANG 02'!$J$1,'[1]Rincian Keluar'!$F:$F,'ILALANG 02'!M7) -> 0 | F7: 21500 | G7: =E7*F7 -> 0 | H7: 2304000 | I7: =IFERROR(VLOOKUP($C6,[1]HK!$B$5:$C$14,2,FALSE),"")*$J1 -> 2502000 | J7: =I7-H7 -> 198000 | K7: 1 | M7: =$C$6 -> PONDASI
B8: 2 | C8: Besi ø8 Ulir | D8: =IFERROR(HLOOKUP($J$1,[1]DB!$C$1:$K$172,8,FALSE),"") -> 50 | E8: =SUMIFS('[1]Rincian Keluar'!$G:$G,'[1]Rincian Keluar'!$E:$E,'ILALANG 02'!C8,'[1]Rincian Keluar'!$D:$D,'ILALANG 02'!$D$1,'[1]Rincian Keluar'!$H:$H,'ILALANG 02'!$J$1,'[1]Rincian Keluar'!$F:$F,'ILALANG 02'!M8) -> 15 | F8: 49000 | G8: =E8*F8 -> 735000 | M8: =$C$6 -> PONDASI
B9: 3 | C9: Kayu 3/5 | D9: =IFERROR(HLOOKUP($J$1,[1]DB!$C$1:$K$172,9,FALSE),"") -> 42 | E9: =SUMIFS('[1]Rincian Keluar'!$G:$G,'[1]Rincian Keluar'!$E:$E,'ILALANG 02'!C9,'[1]Rincian Keluar'!$D:$D,'ILALANG 02'!$D$1,'[1]Rincian Keluar'!$H:$H,'ILALANG 02'!$J$1,'[1]Rincian Keluar'!$F:$F,'ILALANG 02'!M9) -> 15 | F9: 11000 | G9: =E9*F9 -> 165000 | M9: =$C$6 -> PONDASI
B10: 4 | C10: Cerucuk | D10: =IFERROR(HLOOKUP($J$1,[1]DB!$C$1:$K$172,10,FALSE),"") -> 89 | E10: =SUMIFS('[1]Rincian Keluar'!$G:$G,'[1]Rincian Keluar'!$E:$E,'ILALANG 02'!C10,'[1]Rincian Keluar'!$D:$D,'ILALANG 02'!$D$1,'[1]Rincian Keluar'!$H:$H,'ILALANG 02'!$J$1,'[1]Rincian Keluar'!$F:$F,'ILALANG 02'!M10) -> 98 | F10: 8000 | G10: =E10*F10 -> 784000 | M10: =$C$6 -> PONDASI
B11: 5 | C11: Papan Mal | D11: =IFERROR(HLOOKUP($J$1,[1]DB!$C$1:$K$172,11,FALSE),"") -> 197 | E11: =SUMIFS('[1]Rincian Keluar'!$G:$G,'[1]Rincian Keluar'!$E:$E,'ILALANG 02'!C11,'[1]Rincian Keluar'!$D:$D,'ILALANG 02'!$D$1,'[1]Rincian Keluar'!$H:$H,'ILALANG 02'!$J$1,'[1]Rincian Keluar'!$F:$F,'ILALANG 02'!M11) -> 197 | F11: 11000 | G11: =E11*F11 -> 2167000 | M11: =$C$6 -> PONDASI
B12: 6 | C12: Pasir | D12: =IFERROR(HLOOKUP($J$1,[1]DB!$C$1:$K$172,12,FALSE),"") -> 16 | E12: =SUMIFS('[1]Rincian Keluar'!$G:$G,'[1]Rincian Keluar'!$E:$E,'ILALANG 02'!C12,'[1]Rincian Keluar'!$D:$D,'ILALANG 02'!$D$1,'[1]Rincian Keluar'!$H:$H,'ILALANG 02'!$J$1,'[1]Rincian Keluar'!$F:$F,'ILALANG 02'!M12) -> 15 | F12: 150000 | G12: =E12*F12 -> 2250000 | M12: =$C$6 -> PONDASI
B13: 7 | C13: Batu | D13: =IFERROR(HLOOKUP($J$1,[1]DB!$C$1:$K$172,13,FALSE),"") -> 3 | E13: =SUMIFS('[1]Rincian Keluar'!$G:$G,'[1]Rincian Keluar'!$E:$E,'ILALANG 02'!C13,'[1]Rincian Keluar'!$D:$D,'ILALANG 02'!$D$1,'[1]Rincian Keluar'!$H:$H,'ILALANG 02'!$J$1,'[1]Rincian Keluar'!$F:$F,'ILALANG 02'!M13) -> 1 | F13: 500000 | G13: =E13*F13 -> 500000 | M13: =$C$6 -> PONDASI
B14: 8 | C14: Semen PCC 40 Kg Tiga Roda | D14: =IFERROR(HLOOKUP($J$1,[1]DB!$C$1:$K$172,14,FALSE),"") -> 46 | E14: =SUMIFS('[1]Rincian Keluar'!$G:$G,'[1]Rincian Keluar'!$E:$E,'ILALANG 02'!C14,'[1]Rincian Keluar'!$D:$D,'ILALANG 02'!$D$1,'[1]Rincian Keluar'!$H:$H,'ILALANG 02'!$J$1,'[1]Rincian Keluar'!$F:$F,'ILALANG 02'!M14) -> 44 | F14: 60700 | G14: =E14*F14 -> 2670800 | M14: =$C$6 -> PONDASI
B15: B | C15: URUG
B16: 1 | C16: Pasir | D16: =IFERROR(HLOOKUP($J$1,[1]DB!$C$1:$K$172,16,FALSE),"") -> 39 | E16: =SUMIFS('[1]Rincian Keluar'!$G:$G,'[1]Rincian Keluar'!$E:$E,'ILALANG 02'!C16,'[1]Rincian Keluar'!$D:$D,'ILALANG 02'!$D$1,'[1]Rincian Keluar'!$H:$H,'ILALANG 02'!$J$1,'[1]Rincian Keluar'!$F:$F,'ILALANG 02'!M16) -> 37 | F16: 150000 | G16: =E16*F16 -> 5550000 | H16: 976500 | I16: =IFERROR(VLOOKUP($C15,[1]HK!$B$5:$C$14,2,FALSE),"")*$J1 -> 1002000 | J16: =I16-H16 -> 25500 | K16: 1 | M16: =$C$15 -> URUG
B17: 2 | C17: Pipa 4" | D17: =IFERROR(HLOOKUP($J$1,[1]DB!$C$1:$K$172,17,FALSE),"") -> 2 | E17: =SUMIFS('[1]Rincian Keluar'!$G:$G,'[1]Rincian Keluar'!$E:$E,'ILALANG 02'!C17,'[1]Rincian Keluar'!$D:$D,'ILALANG 02'!$D$1,'[1]Rincian Keluar'!$H:$H,'ILALANG 02'!$J$1,'[1]Rincian Keluar'!$F:$F,'ILALANG 02'!M17) -> 2 | F17: 133500 | G17: =E17*F17 -> 267000 | M17: =$C$15 -> URUG
B18: 3 | C18: Pipa 2" | D18: =IFERROR(HLOOKUP($J$1,[1]DB!$C$1:$K$172,18,FALSE),"") -> 2 | E18: =SUMIFS('[1]Rincian Keluar'!$G:$G,'[1]Rincian Keluar'!$E:$E,'ILALANG 02'!C18,'[1]Rincian Keluar'!$D:$D,'ILALANG 02'!$D$1,'[1]Rincian Keluar'!$H:$H,'ILALANG 02'!$J$1,'[1]Rincian Keluar'!$F:$F,'ILALANG 02'!M18) -> 2 | F18: 48000 | G18: =E18*F18 -> 96000 | M18: =$C$15 -> URUG
B19: C | C19: COR LANTAI
B20: 1 | C20: Besi ø6 | D20: =IFERROR(HLOOKUP($J$1,[1]DB!$C$1:$K$172,20,FALSE),"") -> 19 | E20: =SUMIFS('[1]Rincian Keluar'!$G:$G,'[1]Rincian Keluar'!$E:$E,'ILALANG 02'!C20,'[1]Rincian Keluar'!$D:$D,'ILALANG 02'!$D$1,'[1]Rincian Keluar'!$H:$H,'ILALANG 02'!$J$1,'[1]Rincian Keluar'!$F:$F,'ILALANG 02'!M20) -> 15 | F20: 22000 | G20: =E20*F20 -> 330000 | H20: 504000 | I20: =IFERROR(VLOOKUP($C19,[1]HK!$B$5:$C$14,2,FALSE),"")*$J1 -> 600000 | J20: =I20-H20 -> 96000 | K20: 1 | M20: =$C$19 -> COR LANTAI
B21: 2 | C21: Pasir | D21: =IFERROR(HLOOKUP($J$1,[1]DB!$C$1:$K$172,21,FALSE),"") -> 6 | E21: =SUMIFS('[1]Rincian Keluar'!$G:$G,'[1]Rincian Keluar'!$E:$E,'ILALANG 02'!C21,'[1]Rincian Keluar'!$D:$D,'ILALANG 02'!$D$1,'[1]Rincian Keluar'!$H:$H,'ILALANG 02'!$J$1,'[1]Rincian Keluar'!$F:$F,'ILALANG 02'!M21) -> 2 | F21: 150000 | G21: =E21*F21 -> 300000 | M21: =$C$19 -> COR LANTAI
B22: 3 | C22: Semen PCC 40 Kg Tiga Roda | D22: =IFERROR(HLOOKUP($J$1,[1]DB!$C$1:$K$172,22,FALSE),"") -> 17 | E22: =SUMIFS('[1]Rincian Keluar'!$G:$G,'[1]Rincian Keluar'!$E:$E,'ILALANG 02'!C22,'[1]Rincian Keluar'!$D:$D,'ILALANG 02'!$D$1,'[1]Rincian Keluar'!$H:$H,'ILALANG 02'!$J$1,'[1]Rincian Keluar'!$F:$F,'ILALANG 02'!M22) -> 11 | F22: 60700 | G22: =E22*F22 -> 667700 | M22: =$C$19 -> COR LANTAI
B23: 4 | C23: Plastik cor | D23: =IFERROR(HLOOKUP($J$1,[1]DB!$C$1:$K$172,23,FALSE),"") -> 8 | E23: =SUMIFS('[1]Rincian Keluar'!$G:$G,'[1]Rincian Keluar'!$E:$E,'ILALANG 02'!C23,'[1]Rincian Keluar'!$D:$D,'ILALANG 02'!$D$1,'[1]Rincian Keluar'!$H:$H,'ILALANG 02'!$J$1,'[1]Rincian Keluar'!$F:$F,'ILALANG 02'!M23) -> 7 | F23: 15000 | G23: =E23*F23 -> 105000 | M23: =$C$19 -> COR LANTAI
B24: D | C24: PINTU
B25: 1 | C25: Pintu Kayu 120 x 220 | D25: =IFERROR(HLOOKUP($J$1,[1]DB!$C$1:$K$172,25,FALSE),"") -> 1 | E25: =SUMIFS('[1]Rincian Keluar'!$G:$G,'[1]Rincian Keluar'!$E:$E,'ILALANG 02'!C25,'[1]Rincian Keluar'!$D:$D,'ILALANG 02'!$D$1,'[1]Rincian Keluar'!$H:$H,'ILALANG 02'!$J$1,'[1]Rincian Keluar'!$F:$F,'ILALANG 02'!M25) -> 0 | F25: 1550000 | G25: =E25*F25 -> 0 | I25: =IFERROR(VLOOKUP($C24,[1]HK!$B$5:$C$14,2,FALSE),"")*$J1 -> #VALUE! | M25: =$C$24 -> PINTU
B26: 2 | C26: Pintu Kayu 80 x 220 | D26: =IFERROR(HLOOKUP($J$1,[1]DB!$C$1:$K$172,26,FALSE),"") -> 3 | E26: =SUMIFS('[1]Rincian Keluar'!$G:$G,'[1]Rincian Keluar'!$E:$E,'ILALANG 02'!C26,'[1]Rincian Keluar'!$D:$D,'ILALANG 02'!$D$1,'[1]Rincian Keluar'!$H:$H,'ILALANG 02'!$J$1,'[1]Rincian Keluar'!$F:$F,'ILALANG 02'!M26) -> 0 | F26: 775000 | G26: =E26*F26 -> 0 | M26: =$C$24 -> PINTU
B27: 3 | C27: Pintu WC PVC Biru | D27: =IFERROR(HLOOKUP($J$1,[1]DB!$C$1:$K$172,27,FALSE),"") -> 2 | E27: =SUMIFS('[1]Rincian Keluar'!$G:$G,'[1]Rincian Keluar'!$E:$E,'ILALANG 02'!C27,'[1]Rincian Keluar'!$D:$D,'ILALANG 02'!$D$1,'[1]Rincian Keluar'!$H:$H,'ILALANG 02'!$J$1,'[1]Rincian Keluar'!$F:$F,'ILALANG 02'!M27) -> 0 | F27: 260000 | G27: =E27*F27 -> 0 | M27: =$C$24 -> PINTU
B28: 4 | C28: Pintu WC Edenjoice Putih | D28: =IFERROR(HLOOKUP($J$1,[1]DB!$C$1:$K$172,28,FALSE),"") -> 1 | E28: =SUMIFS('[1]Rincian Keluar'!$G:$G,'[1]Rincian Keluar'!$E:$E,'ILALANG 02'!C28,'[1]Rincian Keluar'!$D:$D,'ILALANG 02'!$D$1,'[1]Rincian Keluar'!$H:$H,'ILALANG 02'!$J$1,'[1]Rincian Keluar'!$F:$F,'ILALANG 02'!M28) -> 0 | F28: 799000 | G28: =E28*F28 -> 0 | M28: =$C$24 -> PINTU
B29: 5 | C29: Engsel Pintu 4" | D29: =IFERROR(HLOOKUP($J$1,[1]DB!$C$1:$K$172,29,FALSE),"") -> 15 | E29: =SUMIFS('[1]Rincian Keluar'!$G:$G,'[1]Rincian Keluar'!$E:$E,'ILALANG 02'!C29,'[1]Rincian Keluar'!$D:$D,'ILALANG 02'!$D$1,'[1]Rincian Keluar'!$H:$H,'ILALANG 02'!$J$1,'[1]Rincian Keluar'!$F:$F,'ILALANG 02'!M29) -> 0 | F29: 15000 | G29: =E29*F29 -> 0 | M29: =$C$24 -> PINTU
B30: 6 | C30: Peganggan pintu 2 daun | D30: =IFERROR(HLOOKUP($J$1,[1]DB!$C$1:$K$172,30,FALSE),"") -> 2 | E30: =SUMIFS('[1]Rincian Keluar'!$G:$G,'[1]Rincian Keluar'!$E:$E,'ILALANG 02'!C30,'[1]Rincian Keluar'!$D:$D,'ILALANG 02'!$D$1,'[1]Rincian Keluar'!$H:$H,'ILALANG 02'!$J$1,'[1]Rincian Keluar'!$F:$F,'ILALANG 02'!M30) -> 0 | F30: 100000 | G30: =E30*F30 -> 0 | M30: =$C$24 -> PINTU
B31: 7 | C31: Pengunci Pintu 2 daun | D31: =IFERROR(HLOOKUP($J$1,[1]DB!$C$1:$K$172,31,FALSE),"") -> 1 | E31: =SUMIFS('[1]Rincian Keluar'!$G:$G,'[1]Rincian Keluar'!$E:$E,'ILALANG 02'!C31,'[1]Rincian Keluar'!$D:$D,'ILALANG 02'!$D$1,'[1]Rincian Keluar'!$H:$H,'ILALANG 02'!$J$1,'[1]Rincian Keluar'!$F:$F,'ILALANG 02'!M31) -> 0 | F31: 60000 | G31: =E31*F31 -> 0 | M31: =$C$24 -> PINTU
B32: 8 | C32: Pegangan kunci 1 daun | D32: =IFERROR(HLOOKUP($J$1,[1]DB!$C$1:$K$172,32,FALSE),"") -> 3 | E32: =SUMIFS('[1]Rincian Keluar'!$G:$G,'[1]Rincian Keluar'!$E:$E,'ILALANG 02'!C32,'[1]Rincian Keluar'!$D:$D,'ILALANG 02'!$D$1,'[1]Rincian Keluar'!$H:$H,'ILALANG 02'!$J$1,'[1]Rincian Keluar'!$F:$F,'ILALANG 02'!M32) -> 0 | F32: 65000 | G32: =E32*F32 -> 0 | M32: =$C$24 -> PINTU
B33: 9 | C33: Avian | D33: =IFERROR(HLOOKUP($J$1,[1]DB!$C$1:$K$172,33,FALSE),"") -> 4 | E33: =SUMIFS('[1]Rincian Keluar'!$G:$G,'[1]Rincian Keluar'!$E:$E,'ILALANG 02'!C33,'[1]Rincian Keluar'!$D:$D,'ILALANG 02'!$D$1,'[1]Rincian Keluar'!$H:$H,'ILALANG 02'!$J$1,'[1]Rincian Keluar'!$F:$F,'ILALANG 02'!M33) -> 0 | F33: 83000 | G33: =E33*F33 -> 0 | M33: =$C$24 -> PINTU
B34: 10 | C34: Tinner Nb Kaleng | D34: =IFERROR(HLOOKUP($J$1,[1]DB!$C$1:$K$172,34,FALSE),"") -> 2 | E34: =SUMIFS('[1]Rincian Keluar'!$G:$G,'[1]Rincian Keluar'!$E:$E,'ILALANG 02'!C34,'[1]Rincian Keluar'!$D:$D,'ILALANG 02'!$D$1,'[1]Rincian Keluar'!$H:$H,'ILALANG 02'!$J$1,'[1]Rincian Keluar'!$F:$F,'ILALANG 02'!M34) -> 0 | F34: 23000 | G34: =E34*F34 -> 0 | M34: =$C$24 -> PINTU
B35: 11 | C35: Slot 6 " | D35: =IFERROR(HLOOKUP($J$1,[1]DB!$C$1:$K$172,35,FALSE),"") -> 1 | E35: =SUMIFS('[1]Rincian Keluar'!$G:$G,'[1]Rincian Keluar'!$E:$E,'ILALANG 02'!C35,'[1]Rincian Keluar'!$D:$D,'ILALANG 02'!$D$1,'[1]Rincian Keluar'!$H:$H,'ILALANG 02'!$J$1,'[1]Rincian Keluar'!$F:$F,'ILALANG 02'!M35) -> 0 | F35: 17000 | G35: =E35*F35 -> 0 | M35: =$C$24 -> PINTU
B36: 12 | C36: Slot 4" | D36: =IFERROR(HLOOKUP($J$1,[1]DB!$C$1:$K$172,36,FALSE),"") -> 1 | E36: =SUMIFS('[1]Rincian Keluar'!$G:$G,'[1]Rincian Keluar'!$E:$E,'ILALANG 02'!C36,'[1]Rincian Keluar'!$D:$D,'ILALANG 02'!$D$1,'[1]Rincian Keluar'!$H:$H,'ILALANG 02'!$J$1,'[1]Rincian Keluar'!$F:$F,'ILALANG 02'!M36) -> 0 | F36: 11000 | G36: =E36*F36 -> 0 | M36: =$C$24 -> PINTU
B37: E | C37: BATA
B38: 1 | C38: Papan | D38: =IFERROR(HLOOKUP($J$1,[1]DB!$C$1:$K$172,38,FALSE),"") -> 29 | E38: =SUMIFS('[1]Rincian Keluar'!$G:$G,'[1]Rincian Keluar'!$E:$E,'ILALANG 02'!C38,'[1]Rincian Keluar'!$D:$D,'ILALANG 02'!$D$1,'[1]Rincian Keluar'!$H:$H,'ILALANG 02'!$J$1,'[1]Rincian Keluar'!$F:$F,'ILALANG 02'!M38) -> 29 | F38: 11000 | G38: =E38*F38 -> 319000 | H38: 4272500 | I38: =IFERROR(VLOOKUP($C37,[1]HK!$B$5:$C$14,2,FALSE),"")*$J1 -> 4170000 | J38: =I38-H38 -> -102500 | K38: 1 | M38: =$C$37 -> BATA
B39: 2 | C39: Kayu 3/5 | D39: =IFERROR(HLOOKUP($J$1,[1]DB!$C$1:$K$172,39,FALSE),"") -> 31 | E39: =SUMIFS('[1]Rincian Keluar'!$G:$G,'[1]Rincian Keluar'!$E:$E,'ILALANG 02'!C39,'[1]Rincian Keluar'!$D:$D,'ILALANG 02'!$D$1,'[1]Rincian Keluar'!$H:$H,'ILALANG 02'!$J$1,'[1]Rincian Keluar'!$F:$F,'ILALANG 02'!M39) -> 37 | F39: 11000 | G39: =E39*F39 -> 407000 | M39: =$C$37 -> BATA
B40: 3 | C40: Besi ø6 | D40: =IFERROR(HLOOKUP($J$1,[1]DB!$C$1:$K$172,40,FALSE),"") -> 6 | E40: =SUMIFS('[1]Rincian Keluar'!$G:$G,'[1]Rincian Keluar'!$E:$E,'ILALANG 02'!C40,'[1]Rincian Keluar'!$D:$D,'ILALANG 02'!$D$1,'[1]Rincian Keluar'!$H:$H,'ILALANG 02'!$J$1,'[1]Rincian Keluar'!$F:$F,'ILALANG 02'!M40) -> 6 | F40: 22000 | G40: =E40*F40 -> 132000 | M40: =$C$37 -> BATA
B41: 4 | C41: Besi ø8 | D41: =IFERROR(HLOOKUP($J$1,[1]DB!$C$1:$K$172,41,FALSE),"") -> 10 | E41: =SUMIFS('[1]Rincian Keluar'!$G:$G,'[1]Rincian Keluar'!$E:$E,'ILALANG 02'!C41,'[1]Rincian Keluar'!$D:$D,'ILALANG 02'!$D$1,'[1]Rincian Keluar'!$H:$H,'ILALANG 02'!$J$1,'[1]Rincian Keluar'!$F:$F,'ILALANG 02'!M41) -> 10 | F41: 35000 | G41: =E41*F41 -> 350000 | M41: =$C$37 -> BATA
B42: 5 | C42: Besi ø6 | D42: =IFERROR(HLOOKUP($J$1,[1]DB!$C$1:$K$172,42,FALSE),"") -> 3 | E42: =SUMIFS('[1]Rincian Keluar'!$G:$G,'[1]Rincian Keluar'!$E:$E,'ILALANG 02'!C42,'[1]Rincian Keluar'!$D:$D,'ILALANG 02'!$D$1,'[1]Rincian Keluar'!$H:$H,'ILALANG 02'!$J$1,'[1]Rincian Keluar'!$F:$F,'ILALANG 02'!M42) -> 4 | F42: =F40 -> 22000 | G42: =E42*F42 -> 88000 | M42: =$C$37 -> BATA
B43: 6 | C43: Kusen Pintu ( 2 Daun ) | D43: =IFERROR(HLOOKUP($J$1,[1]DB!$C$1:$K$172,43,FALSE),"") -> 1 | E43: =SUMIFS('[1]Rincian Keluar'!$G:$G,'[1]Rincian Keluar'!$E:$E,'ILALANG 02'!C43,'[1]Rincian Keluar'!$D:$D,'ILALANG 02'!$D$1,'[1]Rincian Keluar'!$H:$H,'ILALANG 02'!$J$1,'[1]Rincian Keluar'!$F:$F,'ILALANG 02'!M43) -> 3 | F43: 363250 | G43: =E43*F43 -> 1089750 | M43: =$C$37 -> BATA
B44: 7 | C44: Kusen Pintu ( 1 Daun ) | D44: =IFERROR(HLOOKUP($J$1,[1]DB!$C$1:$K$172,44,FALSE),"") -> 3 | E44: =SUMIFS('[1]Rincian Keluar'!$G:$G,'[1]Rincian Keluar'!$E:$E,'ILALANG 02'!C44,'[1]Rincian Keluar'!$D:$D,'ILALANG 02'!$D$1,'[1]Rincian Keluar'!$H:$H,'ILALANG 02'!$J$1,'[1]Rincian Keluar'!$F:$F,'ILALANG 02'!M44) -> 1 | F44: 337050 | G44: =E44*F44 -> 337050 | M44: =$C$37 -> BATA
B45: 8 | C45: Bata | D45: =IFERROR(HLOOKUP($J$1,[1]DB!$C$1:$K$172,45,FALSE),"") -> 2795 | E45: =SUMIFS('[1]Rincian Keluar'!$G:$G,'[1]Rincian Keluar'!$E:$E,'ILALANG 02'!C45,'[1]Rincian Keluar'!$D:$D,'ILALANG 02'!$D$1,'[1]Rincian Keluar'!$H:$H,'ILALANG 02'!$J$1,'[1]Rincian Keluar'!$F:$F,'ILALANG 02'!M45) -> 2719 | F45: 1850 | G45: =E45*F45 -> 5030150 | M45: =$C$37 -> BATA
B46: 9 | C46: Semen PCC 40 Kg Tiga Roda | D46: =IFERROR(HLOOKUP($J$1,[1]DB!$C$1:$K$172,46,FALSE),"") -> 23 | E46: =SUMIFS('[1]Rincian Keluar'!$G:$G,'[1]Rincian Keluar'!$E:$E,'ILALANG 02'!C46,'[1]Rincian Keluar'!$D:$D,'ILALANG 02'!$D$1,'[1]Rincian Keluar'!$H:$H,'ILALANG 02'!$J$1,'[1]Rincian Keluar'!$F:$F,'ILALANG 02'!M46) -> 24 | F46: 60700 | G46: =E46*F46 -> 1456800 | M46: =$C$37 -> BATA
B47: 10 | C47: Pasir | D47: =IFERROR(HLOOKUP($J$1,[1]DB!$C$1:$K$172,47,FALSE),"") -> 6 | E47: =SUMIFS('[1]Rincian Keluar'!$G:$G,'[1]Rincian Keluar'!$E:$E,'ILALANG 02'!C47,'[1]Rincian Keluar'!$D:$D,'ILALANG 02'!$D$1,'[1]Rincian Keluar'!$H:$H,'ILALANG 02'!$J$1,'[1]Rincian Keluar'!$F:$F,'ILALANG 02'!M47) -> 5 | F47: 150000 | G47: =E47*F47 -> 750000 | M47: =$C$37 -> BATA
B48: 11 | C48: Besi ø6 | D48: =IFERROR(HLOOKUP($J$1,[1]DB!$C$1:$K$172,48,FALSE),"") -> 6 | E48: =SUMIFS('[1]Rincian Keluar'!$G:$G,'[1]Rincian Keluar'!$E:$E,'ILALANG 02'!C48,'[1]Rincian Keluar'!$D:$D,'ILALANG 02'!$D$1,'[1]Rincian Keluar'!$H:$H,'ILALANG 02'!$J$1,'[1]Rincian Keluar'!$F:$F,'ILALANG 02'!M48) -> 6 | F48: =F7 -> 21500 | G48: =E48*F48 -> 129000 | M48: =$C$37 -> BATA
B49: F | C49: Cor Tiang Depan | M49: =$C$37 -> BATA
B50: 1 | C50: Semen PCC 40 Kg Tiga Roda | D50: =IFERROR(HLOOKUP($J$1,[1]DB!$C$1:$K$172,50,FALSE),"") -> 6 | E50: =SUMIFS('[1]Rincian Keluar'!$G:$G,'[1]Rincian Keluar'!$E:$E,'ILALANG 02'!C50,'[1]Rincian Keluar'!$D:$D,'ILALANG 02'!$D$1,'[1]Rincian Keluar'!$H:$H,'ILALANG 02'!$J$1,'[1]Rincian Keluar'!$F:$F,'ILALANG 02'!M50) -> 24 | F50: 60700 | G50: =E50*F50 -> 1456800 | M50: =$C$37 -> BATA
B51: 2 | C51: Pasir | D51: =IFERROR(HLOOKUP($J$1,[1]DB!$C$1:$K$172,51,FALSE),"") -> 2 | E51: =SUMIFS('[1]Rincian Keluar'!$G:$G,'[1]Rincian Keluar'!$E:$E,'ILALANG 02'!C51,'[1]Rincian Keluar'!$D:$D,'ILALANG 02'!$D$1,'[1]Rincian Keluar'!$H:$H,'ILALANG 02'!$J$1,'[1]Rincian Keluar'!$F:$F,'ILALANG 02'!M51) -> 5 | F51: 150000 | G51: =E51*F51 -> 750000 | M51: =$C$37 -> BATA
B52: 3 | C52: Batu | D52: =IFERROR(HLOOKUP($J$1,[1]DB!$C$1:$K$172,52,FALSE),"") -> 3 | E52: =SUMIFS('[1]Rincian Keluar'!$G:$G,'[1]Rincian Keluar'!$E:$E,'ILALANG 02'!C52,'[1]Rincian Keluar'!$D:$D,'ILALANG 02'!$D$1,'[1]Rincian Keluar'!$H:$H,'ILALANG 02'!$J$1,'[1]Rincian Keluar'!$F:$F,'ILALANG 02'!M52) -> 0 | G52: =E52*F52 -> 0 | M52: =$C$37 -> BATA
B53: 4 | C53: Besi ø6 | D53: =IFERROR(HLOOKUP($J$1,[1]DB!$C$1:$K$172,53,FALSE),"") -> 4 | E53: =SUMIFS('[1]Rincian Keluar'!$G:$G,'[1]Rincian Keluar'!$E:$E,'ILALANG 02'!C53,'[1]Rincian Keluar'!$D:$D,'ILALANG 02'!$D$1,'[1]Rincian Keluar'!$H:$H,'ILALANG 02'!$J$1,'[1]Rincian Keluar'!$F:$F,'ILALANG 02'!M53) -> 4 | F53: 22000 | G53: =E53*F53 -> 88000 | M53: =$C$37 -> BATA
B54: 5 | C54: Besi ø8 | D54: =IFERROR(HLOOKUP($J$1,[1]DB!$C$1:$K$172,54,FALSE),"") -> 5 | E54: =SUMIFS('[1]Rincian Keluar'!$G:$G,'[1]Rincian Keluar'!$E:$E,'ILALANG 02'!C54,'[1]Rincian Keluar'!$D:$D,'ILALANG 02'!$D$1,'[1]Rincian Keluar'!$H:$H,'ILALANG 02'!$J$1,'[1]Rincian Keluar'!$F:$F,'ILALANG 02'!M54) -> 2 | F54: 35000 | G54: =E54*F54 -> 70000 | M54: =$C$37 -> BATA
B55: 6 | C55: Multiplek | D55: =IFERROR(HLOOKUP($J$1,[1]DB!$C$1:$K$172,55,FALSE),"") -> 2 | E55: =SUMIFS('[1]Rincian Keluar'!$G:$G,'[1]Rincian Keluar'!$E:$E,'ILALANG 02'!C55,'[1]Rincian Keluar'!$D:$D,'ILALANG 02'!$D$1,'[1]Rincian Keluar'!$H:$H,'ILALANG 02'!$J$1,'[1]Rincian Keluar'!$F:$F,'ILALANG 02'!M55) -> 2 | F55: 130000 | G55: =E55*F55 -> 260000 | M55: =$C$37 -> BATA
B56: 7 | C56: Kayu 3/5 | D56: =IFERROR(HLOOKUP($J$1,[1]DB!$C$1:$K$172,56,FALSE),"") -> 24 | E56: =SUMIFS('[1]Rincian Keluar'!$G:$G,'[1]Rincian Keluar'!$E:$E,'ILALANG 02'!C56,'[1]Rincian Keluar'!$D:$D,'ILALANG 02'!$D$1,'[1]Rincian Keluar'!$H:$H,'ILALANG 02'!$J$1,'[1]Rincian Keluar'!$F:$F,'ILALANG 02'!M56) -> 37 | F56: 11000 | G56: =E56*F56 -> 407000 | M56: =$C$37 -> BATA
B57: 8 | C57: Bata | D57: =IFERROR(HLOOKUP($J$1,[1]DB!$C$1:$K$172,57,FALSE),"") -> 89 | E57: =SUMIFS('[1]Rincian Keluar'!$G:$G,'[1]Rincian Keluar'!$E:$E,'ILALANG 02'!C57,'[1]Rincian Keluar'!$D:$D,'ILALANG 02'!$D$1,'[1]Rincian Keluar'!$H:$H,'ILALANG 02'!$J$1,'[1]Rincian Keluar'!$F:$F,'ILALANG 02'!M57) -> 2719 | F57: 1850 | G57: =E57*F57 -> 5030150 | M57: =$C$37 -> BATA
B58: 9 | C58: Cerucuk | D58: =IFERROR(HLOOKUP($J$1,[1]DB!$C$1:$K$172,58,FALSE),"") -> 9 | E58: =SUMIFS('[1]Rincian Keluar'!$G:$G,'[1]Rincian Keluar'!$E:$E,'ILALANG 02'!C58,'[1]Rincian Keluar'!$D:$D,'ILALANG 02'!$D$1,'[1]Rincian Keluar'!$H:$H,'ILALANG 02'!$J$1,'[1]Rincian Keluar'!$F:$F,'ILALANG 02'!M58) -> 9 | F58: 8000 | G58: =E58*F58 -> 72000 | M58: =$C$37 -> BATA
B59: 10 | C59: Papan Mal | D59: =IFERROR(HLOOKUP($J$1,[1]DB!$C$1:$K$172,59,FALSE),"") -> 8 | E59: =SUMIFS('[1]Rincian Keluar'!$G:$G,'[1]Rincian Keluar'!$E:$E,'ILALANG 02'!C59,'[1]Rincian Keluar'!$D:$D,'ILALANG 02'!$D$1,'[1]Rincian Keluar'!$H:$H,'ILALANG 02'!$J$1,'[1]Rincian Keluar'!$F:$F,'ILALANG 02'!M59) -> 8 | F59: 11000 | G59: =E59*F59 -> 88000 | M59: =$C$37 -> BATA
B60: G | C60: PLASTER
B61: 1 | C61: Semen PCC 40 Kg Tiga Roda | D61: =IFERROR(HLOOKUP($J$1,[1]DB!$C$1:$K$172,61,FALSE),"") -> 42 | E61: =SUMIFS('[1]Rincian Keluar'!$G:$G,'[1]Rincian Keluar'!$E:$E,'ILALANG 02'!C61,'[1]Rincian Keluar'!$D:$D,'ILALANG 02'!$D$1,'[1]Rincian Keluar'!$H:$H,'ILALANG 02'!$J$1,'[1]Rincian Keluar'!$F:$F,'ILALANG 02'!M61) -> 47 | F61: 60700 | G61: =E61*F61 -> 2852900 | H61: 4030000 | I61: =IFERROR(VLOOKUP($C60,[1]HK!$B$5:$C$14,2,FALSE),"")*$J1 -> 3750000 | J61: =I61-H61 -> -280000 | K61: 1 | M61: =$C$60 -> PLASTER
B62: 2 | C62: Pasir | D62: =IFERROR(HLOOKUP($J$1,[1]DB!$C$1:$K$172,62,FALSE),"") -> 9 | E62: =SUMIFS('[1]Rincian Keluar'!$G:$G,'[1]Rincian Keluar'!$E:$E,'ILALANG 02'!C62,'[1]Rincian Keluar'!$D:$D,'ILALANG 02'!$D$1,'[1]Rincian Keluar'!$H:$H,'ILALANG 02'!$J$1,'[1]Rincian Keluar'!$F:$F,'ILALANG 02'!M62) -> 8 | F62: 150000 | G62: =E62*F62 -> 1200000 | M62: =$C$60 -> PLASTER
B63: 3 | C63: Pipa 5/8 | D63: =IFERROR(HLOOKUP($J$1,[1]DB!$C$1:$K$172,63,FALSE),"") -> 8 | E63: =SUMIFS('[1]Rincian Keluar'!$G:$G,'[1]Rincian Keluar'!$E:$E,'ILALANG 02'!C63,'[1]Rincian Keluar'!$D:$D,'ILALANG 02'!$D$1,'[1]Rincian Keluar'!$H:$H,'ILALANG 02'!$J$1,'[1]Rincian Keluar'!$F:$F,'ILALANG 02'!M63) -> 8 | F63: 8600 | G63: =E63*F63 -> 68800 | M63: =$C$60 -> PLASTER
B64: H | C64: ATAP
B65: 1 | C65: Kayu 3/5 | D65: =IFERROR(HLOOKUP($J$1,[1]DB!$C$1:$K$172,65,FALSE),"") -> 72 | E65: =SUMIFS('[1]Rincian Keluar'!$G:$G,'[1]Rincian Keluar'!$E:$E,'ILALANG 02'!C65,'[1]Rincian Keluar'!$D:$D,'ILALANG 02'!$D$1,'[1]Rincian Keluar'!$H:$H,'ILALANG 02'!$J$1,'[1]Rincian Keluar'!$F:$F,'ILALANG 02'!M65) -> 92 | F65: 11000 | G65: =E65*F65 -> 1012000 | H65: 1715000 | I65: =IFERROR(VLOOKUP($C64,[1]HK!$B$5:$C$14,2,FALSE),"")*$J1 -> 2004000 | J65: =I65-H65 -> 289000 | K65: 0.85 | M65: =$C$64 -> ATAP
B66: 2 | C66: Kayu 4/6 | D66: =IFERROR(HLOOKUP($J$1,[1]DB!$C$1:$K$172,66,FALSE),"") -> 48 | E66: =SUMIFS('[1]Rincian Keluar'!$G:$G,'[1]Rincian Keluar'!$E:$E,'ILALANG 02'!C66,'[1]Rincian Keluar'!$D:$D,'ILALANG 02'!$D$1,'[1]Rincian Keluar'!$H:$H,'ILALANG 02'!$J$1,'[1]Rincian Keluar'!$F:$F,'ILALANG 02'!M66) -> 57 | F66: 15000 | G66: =E66*F66 -> 855000 | M66: =$C$64 -> ATAP
B67: 3 | C67: Kayu 5/7 | D67: =IFERROR(HLOOKUP($J$1,[1]DB!$C$1:$K$172,67,FALSE),"") -> 35 | E67: =SUMIFS('[1]Rincian Keluar'!$G:$G,'[1]Rincian Keluar'!$E:$E,'ILALANG 02'!C67,'[1]Rincian Keluar'!$D:$D,'ILALANG 02'!$D$1,'[1]Rincian Keluar'!$H:$H,'ILALANG 02'!$J$1,'[1]Rincian Keluar'!$F:$F,'ILALANG 02'!M67) -> 39 | F67: 30000 | G67: =E67*F67 -> 1170000 | M67: =$C$64 -> ATAP
B68: 4 | C68: Lisplank | D68: =IFERROR(HLOOKUP($J$1,[1]DB!$C$1:$K$172,68,FALSE),"") -> 11 | E68: =SUMIFS('[1]Rincian Keluar'!$G:$G,'[1]Rincian Keluar'!$E:$E,'ILALANG 02'!C68,'[1]Rincian Keluar'!$D:$D,'ILALANG 02'!$D$1,'[1]Rincian Keluar'!$H:$H,'ILALANG 02'!$J$1,'[1]Rincian Keluar'!$F:$F,'ILALANG 02'!M68) -> 10 | F68: 60000 | G68: =E68*F68 -> 600000 | M68: =$C$64 -> ATAP
B69: 5 | C69: Seng Metal 4 Susun (merah) | D69: =IFERROR(HLOOKUP($J$1,[1]DB!$C$1:$K$172,69,FALSE),"") -> 82 | E69: =SUMIFS('[1]Rincian Keluar'!$G:$G,'[1]Rincian Keluar'!$E:$E,'ILALANG 02'!C69,'[1]Rincian Keluar'!$D:$D,'ILALANG 02'!$D$1,'[1]Rincian Keluar'!$H:$H,'ILALANG 02'!$J$1,'[1]Rincian Keluar'!$F:$F,'ILALANG 02'!M69) -> 86 | F69: 52000 | G69: =E69*F69 -> 4472000 | M69: =$C$64 -> ATAP
B70: 6 | C70: Seng Metal 2 Susun (hitam) | D70: =IFERROR(HLOOKUP($J$1,[1]DB!$C$1:$K$172,70,FALSE),"") -> 0 | E70: =SUMIFS('[1]Rincian Keluar'!$G:$G,'[1]Rincian Keluar'!$E:$E,'ILALANG 02'!C70,'[1]Rincian Keluar'!$D:$D,'ILALANG 02'!$D$1,'[1]Rincian Keluar'!$H:$H,'ILALANG 02'!$J$1,'[1]Rincian Keluar'!$F:$F,'ILALANG 02'!M70) -> 0 | F70: 36000 | G70: =E70*F70 -> 0 | M70: =$C$64 -> ATAP
B71: 7 | C71: Perabung Hitam | D71: =IFERROR(HLOOKUP($J$1,[1]DB!$C$1:$K$172,71,FALSE),"") -> 0 | E71: =SUMIFS('[1]Rincian Keluar'!$G:$G,'[1]Rincian Keluar'!$E:$E,'ILALANG 02'!C71,'[1]Rincian Keluar'!$D:$D,'ILALANG 02'!$D$1,'[1]Rincian Keluar'!$H:$H,'ILALANG 02'!$J$1,'[1]Rincian Keluar'!$F:$F,'ILALANG 02'!M71) -> 0 | F71: 50000 | G71: =E71*F71 -> 0 | M71: =$C$64 -> ATAP
B72: 8 | C72: Perabung Merah | D72: =IFERROR(HLOOKUP($J$1,[1]DB!$C$1:$K$172,72,FALSE),"") -> 1.5 | E72: =SUMIFS('[1]Rincian Keluar'!$G:$G,'[1]Rincian Keluar'!$E:$E,'ILALANG 02'!C72,'[1]Rincian Keluar'!$D:$D,'ILALANG 02'!$D$1,'[1]Rincian Keluar'!$H:$H,'ILALANG 02'!$J$1,'[1]Rincian Keluar'!$F:$F,'ILALANG 02'!M72) -> 1 | F72: 650000 | G72: =E72*F72 -> 650000 | M72: =$C$64 -> ATAP
B73: 9 | C73: Paku 2 inch | D73: =IFERROR(HLOOKUP($J$1,[1]DB!$C$1:$K$172,73,FALSE),"") -> 2 | E73: =SUMIFS('[1]Rincian Keluar'!$G:$G,'[1]Rincian Keluar'!$E:$E,'ILALANG 02'!C73,'[1]Rincian Keluar'!$D:$D,'ILALANG 02'!$D$1,'[1]Rincian Keluar'!$H:$H,'ILALANG 02'!$J$1,'[1]Rincian Keluar'!$F:$F,'ILALANG 02'!M73) -> 1 | F73: 130000 | G73: =E73*F73 -> 130000 | M73: =$C$64 -> ATAP
B74: 10 | C74: Paku 3 inch | D74: =IFERROR(HLOOKUP($J$1,[1]DB!$C$1:$K$172,74,FALSE),"") -> 2 | E74: =SUMIFS('[1]Rincian Keluar'!$G:$G,'[1]Rincian Keluar'!$E:$E,'ILALANG 02'!C74,'[1]Rincian Keluar'!$D:$D,'ILALANG 02'!$D$1,'[1]Rincian Keluar'!$H:$H,'ILALANG 02'!$J$1,'[1]Rincian Keluar'!$F:$F,'ILALANG 02'!M74) -> 1 | F74: 130000 | G74: =E74*F74 -> 130000 | M74: =$C$64 -> ATAP
B75: I | C75: DEK
B76: 1 | C76: Kayu 3/5 | D76: =IFERROR(HLOOKUP($J$1,[1]DB!$C$1:$K$172,76,FALSE),"") -> 104 | E76: =SUMIFS('[1]Rincian Keluar'!$G:$G,'[1]Rincian Keluar'!$E:$E,'ILALANG 02'!C76,'[1]Rincian Keluar'!$D:$D,'ILALANG 02'!$D$1,'[1]Rincian Keluar'!$H:$H,'ILALANG 02'!$J$1,'[1]Rincian Keluar'!$F:$F,'ILALANG 02'!M76) -> 120 | F76: 11000 | G76: =E76*F76 -> 1320000 | H76: 1400000 | I76: =IFERROR(VLOOKUP($C75,[1]HK!$B$5:$C$14,2,FALSE),"")*$J1 -> 1170000 | J76: =I76-H76 -> -230000 | K76: 0.8 | M76: =$C$75 -> DEK
B77: 2 | C77: Gypsum | D77: =IFERROR(HLOOKUP($J$1,[1]DB!$C$1:$K$172,77,FALSE),"") -> 28 | E77: =SUMIFS('[1]Rincian Keluar'!$G:$G,'[1]Rincian Keluar'!$E:$E,'ILALANG 02'!C77,'[1]Rincian Keluar'!$D:$D,'ILALANG 02'!$D$1,'[1]Rincian Keluar'!$H:$H,'ILALANG 02'!$J$1,'[1]Rincian Keluar'!$F:$F,'ILALANG 02'!M77) -> 20 | F77: 60000 | G77: =E77*F77 -> 1200000 | M77: =$C$75 -> DEK
B78: 3 | C78: Baut | D78: =IFERROR(HLOOKUP($J$1,[1]DB!$C$1:$K$172,78,FALSE),"") -> 5 | E78: =SUMIFS('[1]Rincian Keluar'!$G:$G,'[1]Rincian Keluar'!$E:$E,'ILALANG 02'!C78,'[1]Rincian Keluar'!$D:$D,'ILALANG 02'!$D$1,'[1]Rincian Keluar'!$H:$H,'ILALANG 02'!$J$1,'[1]Rincian Keluar'!$F:$F,'ILALANG 02'!M78) -> 4 | F78: 37000 | G78: =E78*F78 -> 148000 | M78: =$C$75 -> DEK
B79: 4 | C79: Paku Beton 4 inch | D79: =IFERROR(HLOOKUP($J$1,[1]DB!$C$1:$K$172,79,FALSE),"") -> 2 | E79: =SUMIFS('[1]Rincian Keluar'!$G:$G,'[1]Rincian Keluar'!$E:$E,'ILALANG 02'!C79,'[1]Rincian Keluar'!$D:$D,'ILALANG 02'!$D$1,'[1]Rincian Keluar'!$H:$H,'ILALANG 02'!$J$1,'[1]Rincian Keluar'!$F:$F,'ILALANG 02'!M79) -> 1 | F79: 5000 | G79: =E79*F79 -> 5000 | M79: =$C$75 -> DEK
B80: 5 | C80: Paku 3 imch | D80: =IFERROR(HLOOKUP($J$1,[1]DB!$C$1:$K$172,80,FALSE),"") -> 2 | E80: =SUMIFS('[1]Rincian Keluar'!$G:$G,'[1]Rincian Keluar'!$E:$E,'ILALANG 02'!C80,'[1]Rincian Keluar'!$D:$D,'ILALANG 02'!$D$1,'[1]Rincian Keluar'!$H:$H,'ILALANG 02'!$J$1,'[1]Rincian Keluar'!$F:$F,'ILALANG 02'!M80) -> 1 | F80: 130000 | G80: =E80*F80 -> 130000 | M80: =$C$75 -> DEK
B81: 6 | C81: paku 2 inch | D81: =IFERROR(HLOOKUP($J$1,[1]DB!$C$1:$K$172,81,FALSE),"") -> 2 | E81: =SUMIFS('[1]Rincian Keluar'!$G:$G,'[1]Rincian Keluar'!$E:$E,'ILALANG 02'!C81,'[1]Rincian Keluar'!$D:$D,'ILALANG 02'!$D$1,'[1]Rincian Keluar'!$H:$H,'ILALANG 02'!$J$1,'[1]Rincian Keluar'!$F:$F,'ILALANG 02'!M81) -> 1 | F81: 130000 | G81: =E81*F81 -> 130000 | M81: =$C$75 -> DEK
B82: J | C82: MINIMALIS
B83: 1 | C83: Bata | D83: =IFERROR(HLOOKUP($J$1,[1]DB!$C$1:$K$172,83,FALSE),"") -> 131 | E83: =SUMIFS('[1]Rincian Keluar'!$G:$G,'[1]Rincian Keluar'!$E:$E,'ILALANG 02'!C83,'[1]Rincian Keluar'!$D:$D,'ILALANG 02'!$D$1,'[1]Rincian Keluar'!$H:$H,'ILALANG 02'!$J$1,'[1]Rincian Keluar'!$F:$F,'ILALANG 02'!M83) -> 0 | F83: 1850 | G83: =E83*F83 -> 0 | I83: =IFERROR(VLOOKUP($C82,[1]HK!$B$5:$C$20,2,FALSE),"")*$J1+504000 -> 1260000 | M83: =$C$82 -> MINIMALIS
B84: 2 | C84: Pasir | D84: =IFERROR(HLOOKUP($J$1,[1]DB!$C$1:$K$172,84,FALSE),"") -> 4 | E84: =SUMIFS('[1]Rincian Keluar'!$G:$G,'[1]Rincian Keluar'!$E:$E,'ILALANG 02'!C84,'[1]Rincian Keluar'!$D:$D,'ILALANG 02'!$D$1,'[1]Rincian Keluar'!$H:$H,'ILALANG 02'!$J$1,'[1]Rincian Keluar'!$F:$F,'ILALANG 02'!M84) -> 0 | F84: 150000 | G84: =E84*F84 -> 0 | M84: =$C$82 -> MINIMALIS
B85: 3 | C85: Semen PCC 40 Kg Tiga Roda | D85: =IFERROR(HLOOKUP($J$1,[1]DB!$C$1:$K$172,85,FALSE),"") -> 11 | E85: =SUMIFS('[1]Rincian Keluar'!$G:$G,'[1]Rincian Keluar'!$E:$E,'ILALANG 02'!C85,'[1]Rincian Keluar'!$D:$D,'ILALANG 02'!$D$1,'[1]Rincian Keluar'!$H:$H,'ILALANG 02'!$J$1,'[1]Rincian Keluar'!$F:$F,'ILALANG 02'!M85) -> 0 | F85: 60700 | G85: =E85*F85 -> 0 | M85: =$C$82 -> MINIMALIS
B86: 4 | C86: Keramik 60 x 60 Blackmatt | D86: =IFERROR(HLOOKUP($J$1,[1]DB!$C$1:$K$172,86,FALSE),"") -> 7 | E86: =SUMIFS('[1]Rincian Keluar'!$G:$G,'[1]Rincian Keluar'!$E:$E,'ILALANG 02'!C86,'[1]Rincian Keluar'!$D:$D,'ILALANG 02'!$D$1,'[1]Rincian Keluar'!$H:$H,'ILALANG 02'!$J$1,'[1]Rincian Keluar'!$F:$F,'ILALANG 02'!M86) -> 0 | F86: 165000 | G86: =E86*F86 -> 0 | M86: =$C$82 -> MINIMALIS
B87: K | C87: CARPORT
B88: 1 | C88: Semen PCC 40 Kg Tiga Roda | D88: =IFERROR(HLOOKUP($J$1,[1]DB!$C$1:$K$172,88,FALSE),"") -> 22 | E88: =SUMIFS('[1]Rincian Keluar'!$G:$G,'[1]Rincian Keluar'!$E:$E,'ILALANG 02'!C88,'[1]Rincian Keluar'!$D:$D,'ILALANG 02'!$D$1,'[1]Rincian Keluar'!$H:$H,'ILALANG 02'!$J$1,'[1]Rincian Keluar'!$F:$F,'ILALANG 02'!M88) -> 13 | F88: 60700 | G88: =E88*F88 -> 789100 | H88: 504000 | I88: =IFERROR(VLOOKUP($C87,[1]HK!$B$5:$C$20,2,FALSE),"")*$J1-173900 -> 828100 | J88: =I88-H88 -> 324100 | K88: 0.7 | M88: =$C$87 -> CARPORT
B89: 2 | C89: Kayu 3/5 | D89: =IFERROR(HLOOKUP($J$1,[1]DB!$C$1:$K$172,89,FALSE),"") -> 8 | E89: =SUMIFS('[1]Rincian Keluar'!$G:$G,'[1]Rincian Keluar'!$E:$E,'ILALANG 02'!C89,'[1]Rincian Keluar'!$D:$D,'ILALANG 02'!$D$1,'[1]Rincian Keluar'!$H:$H,'ILALANG 02'!$J$1,'[1]Rincian Keluar'!$F:$F,'ILALANG 02'!M89) -> 0 | F89: 11000 | G89: =E89*F89 -> 0 | M89: =$C$87 -> CARPORT
B90: 3 | C90: Cerucuk | D90: =IFERROR(HLOOKUP($J$1,[1]DB!$C$1:$K$172,90,FALSE),"") -> 5 | E90: =SUMIFS('[1]Rincian Keluar'!$G:$G,'[1]Rincian Keluar'!$E:$E,'ILALANG 02'!C90,'[1]Rincian Keluar'!$D:$D,'ILALANG 02'!$D$1,'[1]Rincian Keluar'!$H:$H,'ILALANG 02'!$J$1,'[1]Rincian Keluar'!$F:$F,'ILALANG 02'!M90) -> 14 | F90: 8000 | G90: =E90*F90 -> 112000 | M90: =$C$87 -> CARPORT
B91: 4 | C91: Papan Mal | D91: =IFERROR(HLOOKUP($J$1,[1]DB!$C$1:$K$172,91,FALSE),"") -> 10 | E91: =SUMIFS('[1]Rincian Keluar'!$G:$G,'[1]Rincian Keluar'!$E:$E,'ILALANG 02'!C91,'[1]Rincian Keluar'!$D:$D,'ILALANG 02'!$D$1,'[1]Rincian Keluar'!$H:$H,'ILALANG 02'!$J$1,'[1]Rincian Keluar'!$F:$F,'ILALANG 02'!M91) -> 0 | F91: 11000 | G91: =E91*F91 -> 0 | M91: =$C$87 -> CARPORT
B92: 5 | C92: Plastik cor | D92: =IFERROR(HLOOKUP($J$1,[1]DB!$C$1:$K$172,92,FALSE),"") -> 7 | E92: =SUMIFS('[1]Rincian Keluar'!$G:$G,'[1]Rincian Keluar'!$E:$E,'ILALANG 02'!C92,'[1]Rincian Keluar'!$D:$D,'ILALANG 02'!$D$1,'[1]Rincian Keluar'!$H:$H,'ILALANG 02'!$J$1,'[1]Rincian Keluar'!$F:$F,'ILALANG 02'!M92) -> 7 | F92: 15000 | G92: =E92*F92 -> 105000 | M92: =$C$87 -> CARPORT
B93: 6 | C93: Besi ø6 | D93: =IFERROR(HLOOKUP($J$1,[1]DB!$C$1:$K$172,93,FALSE),"") -> 2 | E93: =SUMIFS('[1]Rincian Keluar'!$G:$G,'[1]Rincian Keluar'!$E:$E,'ILALANG 02'!C93,'[1]Rincian Keluar'!$D:$D,'ILALANG 02'!$D$1,'[1]Rincian Keluar'!$H:$H,'ILALANG 02'!$J$1,'[1]Rincian Keluar'!$F:$F,'ILALANG 02'!M93) -> 2 | F93: 22000 | G93: =E93*F93 -> 44000 | M93: =$C$87 -> CARPORT
B94: 7 | C94: Besi ø8 | D94: =IFERROR(HLOOKUP($J$1,[1]DB!$C$1:$K$172,94,FALSE),"") -> 15 | E94: =SUMIFS('[1]Rincian Keluar'!$G:$G,'[1]Rincian Keluar'!$E:$E,'ILALANG 02'!C94,'[1]Rincian Keluar'!$D:$D,'ILALANG 02'!$D$1,'[1]Rincian Keluar'!$H:$H,'ILALANG 02'!$J$1,'[1]Rincian Keluar'!$F:$F,'ILALANG 02'!M94) -> 4 | F94: 35000 | G94: =E94*F94 -> 140000 | M94: =$C$87 -> CARPORT
B95: 8 | C95: Batu | D95: =IFERROR(HLOOKUP($J$1,[1]DB!$C$1:$K$172,95,FALSE),"") -> 1 | E95: =SUMIFS('[1]Rincian Keluar'!$G:$G,'[1]Rincian Keluar'!$E:$E,'ILALANG 02'!C95,'[1]Rincian Keluar'!$D:$D,'ILALANG 02'!$D$1,'[1]Rincian Keluar'!$H:$H,'ILALANG 02'!$J$1,'[1]Rincian Keluar'!$F:$F,'ILALANG 02'!M95) -> 0.5 | F95: 500000 | G95: =E95*F95 -> 250000 | M95: =$C$87 -> CARPORT
B96: 9 | C96: Pasir | D96: =IFERROR(HLOOKUP($J$1,[1]DB!$C$1:$K$172,96,FALSE),"") -> 6 | E96: =SUMIFS('[1]Rincian Keluar'!$G:$G,'[1]Rincian Keluar'!$E:$E,'ILALANG 02'!C96,'[1]Rincian Keluar'!$D:$D,'ILALANG 02'!$D$1,'[1]Rincian Keluar'!$H:$H,'ILALANG 02'!$J$1,'[1]Rincian Keluar'!$F:$F,'ILALANG 02'!M96) -> 6 | F96: 150000 | G96: =E96*F96 -> 900000 | M96: =$C$87 -> CARPORT
B97: 10 | C97: Keramik 60 x 60 Blackmatt | D97: =IFERROR(HLOOKUP($J$1,[1]DB!$C$1:$K$172,97,FALSE),"") -> 31 | E97: =SUMIFS('[1]Rincian Keluar'!$G:$G,'[1]Rincian Keluar'!$E:$E,'ILALANG 02'!C97,'[1]Rincian Keluar'!$D:$D,'ILALANG 02'!$D$1,'[1]Rincian Keluar'!$H:$H,'ILALANG 02'!$J$1,'[1]Rincian Keluar'!$F:$F,'ILALANG 02'!M97) -> 0 | F97: 165000 | G97: =E97*F97 -> 0
B98: L | C98: KERAMIK
B99: 1 | C99: Keramik 60 x 60 Cream | D99: =IFERROR(HLOOKUP($J$1,[1]DB!$C$1:$K$172,99,FALSE),"") -> 39 | E99: =SUMIFS('[1]Rincian Keluar'!$G:$G,'[1]Rincian Keluar'!$E:$E,'ILALANG 02'!C99,'[1]Rincian Keluar'!$D:$D,'ILALANG 02'!$D$1,'[1]Rincian Keluar'!$H:$H,'ILALANG 02'!$J$1,'[1]Rincian Keluar'!$F:$F,'ILALANG 02'!M99) -> 0 | F99: 118000 | G99: =E99*F99 -> 0 | I99: =IFERROR(VLOOKUP($C98,[1]HK!$B$5:$C$20,2,FALSE),"")*$J1 -> 1668000 | M99: =$C$98 -> KERAMIK
B100: 2 | C100: Keramik 60 x 60 Blackmatt | D100: =IFERROR(HLOOKUP($J$1,[1]DB!$C$1:$K$172,100,FALSE),"") -> 16 | E100: =SUMIFS('[1]Rincian Keluar'!$G:$G,'[1]Rincian Keluar'!$E:$E,'ILALANG 02'!C100,'[1]Rincian Keluar'!$D:$D,'ILALANG 02'!$D$1,'[1]Rincian Keluar'!$H:$H,'ILALANG 02'!$J$1,'[1]Rincian Keluar'!$F:$F,'ILALANG 02'!M100) -> 0 | F100: 165000 | G100: =E100*F100 -> 0 | M100: =$C$98 -> KERAMIK
B101: 3 | C101: Pasir | D101: =IFERROR(HLOOKUP($J$1,[1]DB!$C$1:$K$172,101,FALSE),"") -> 6 | E101: =SUMIFS('[1]Rincian Keluar'!$G:$G,'[1]Rincian Keluar'!$E:$E,'ILALANG 02'!C101,'[1]Rincian Keluar'!$D:$D,'ILALANG 02'!$D$1,'[1]Rincian Keluar'!$H:$H,'ILALANG 02'!$J$1,'[1]Rincian Keluar'!$F:$F,'ILALANG 02'!M101) -> 0 | F101: 150000 | G101: =E101*F101 -> 0 | M101: =$C$98 -> KERAMIK
B102: 4 | C102: Semen PCC 40 Kg Tiga Roda | D102: =IFERROR(HLOOKUP($J$1,[1]DB!$C$1:$K$172,102,FALSE),"") -> 27 | E102: =SUMIFS('[1]Rincian Keluar'!$G:$G,'[1]Rincian Keluar'!$E:$E,'ILALANG 02'!C102,'[1]Rincian Keluar'!$D:$D,'ILALANG 02'!$D$1,'[1]Rincian Keluar'!$H:$H,'ILALANG 02'!$J$1,'[1]Rincian Keluar'!$F:$F,'ILALANG 02'!M102) -> 0 | F102: 60700 | G102: =E102*F102 -> 0 | M102: =$C$98 -> KERAMIK
...

Sheet PELANGI 01
B1: LOKASI | D1: PELANGI 01 | H1: TYPE | J1: 70
B4: No. | C4: URAIAN PEKERJAAN | D4: BAHAN | F4: HARGA BAHAN | G4: TOTAL HARGA | H4: UPAH | I4: BORONGAN | J4: UNTUNG/RUGI | K4: PROGRES
D5: BAKU | E5: OUT | F5: ( Rp ) | G5: ( Rp )
B6: A | C6: PONDASI
B7: 1 | C7: Besi ø6 | D7: =IFERROR(HLOOKUP($J$1,[1]DB!$C$1:$K$172,7,FALSE),"") -> 17 | E7: =SUMIFS('[1]Rincian Keluar'!$G:$G,'[1]Rincian Keluar'!$E:$E,'PELANGI 01'!C7,'[1]Rincian Keluar'!$D:$D,'PELANGI 01'!$D$1,'[1]Rincian Keluar'!$H:$H,'PELANGI 01'!$J$1,'[1]Rincian Keluar'!$F:$F,'PELANGI 01'!M7) -> 6 | F7: 21500 | G7: =E7*F7 -> 129000 | H7: 2834000 | I7: =IFERROR(VLOOKUP($C6,[1]HK!$B$5:$C$14,2,FALSE),"")*$J1 -> 2919000 | J7: =I7-H7 -> 85000 | K7: 1 | M7: =$C$6 -> PONDASI
B8: 2 | C8: Besi ø8 Ulir | D8: =IFERROR(HLOOKUP($J$1,[1]DB!$C$1:$K$172,8,FALSE),"") -> 58 | E8: =SUMIFS('[1]Rincian Keluar'!$G:$G,'[1]Rincian Keluar'!$E:$E,'PELANGI 01'!C8,'[1]Rincian Keluar'!$D:$D,'PELANGI 01'!$D$1,'[1]Rincian Keluar'!$H:$H,'PELANGI 01'!$J$1,'[1]Rincian Keluar'!$F:$F,'PELANGI 01'!M8) -> 58 | F8: 49000 | G8: =E8*F8 -> 2842000 | M8: =$C$6 -> PONDASI
B9: 3 | C9: Kayu 3/5 | D9: =IFERROR(HLOOKUP($J$1,[1]DB!$C$1:$K$172,9,FALSE),"") -> 49 | E9: =SUMIFS('[1]Rincian Keluar'!$G:$G,'[1]Rincian Keluar'!$E:$E,'PELANGI 01'!C9,'[1]Rincian Keluar'!$D:$D,'PELANGI 01'!$D$1,'[1]Rincian Keluar'!$H:$H,'PELANGI 01'!$J$1,'[1]Rincian Keluar'!$F:$F,'PELANGI 01'!M9) -> 5 | F9: 11000 | G9: =E9*F9 -> 55000 | M9: =$C$6 -> PONDASI
B10: 4 | C10: Cerucuk | D10: =IFERROR(HLOOKUP($J$1,[1]DB!$C$1:$K$172,10,FALSE),"") -> 104 | E10: =SUMIFS('[1]Rincian Keluar'!$G:$G,'[1]Rincian Keluar'!$E:$E,'PELANGI 01'!C10,'[1]Rincian Keluar'!$D:$D,'PELANGI 01'!$D$1,'[1]Rincian Keluar'!$H:$H,'PELANGI 01'!$J$1,'[1]Rincian Keluar'!$F:$F,'PELANGI 01'!M10) -> 100 | F10: 8000 | G10: =E10*F10 -> 800000 | M10: =$C$6 -> PONDASI
B11: 5 | C11: Papan Mal | D11: =IFERROR(HLOOKUP($J$1,[1]DB!$C$1:$K$172,11,FALSE),"") -> 230 | E11: =SUMIFS('[1]Rincian Keluar'!$G:$G,'[1]Rincian Keluar'!$E:$E,'PELANGI 01'!C11,'[1]Rincian Keluar'!$D:$D,'PELANGI 01'!$D$1,'[1]Rincian Keluar'!$H:$H,'PELANGI 01'!$J$1,'[1]Rincian Keluar'!$F:$F,'PELANGI 01'!M11) -> 23 | F11: 11000 | G11: =E11*F11 -> 253000 | M11: =$C$6 -> PONDASI
B12: 6 | C12: Pasir | D12: =IFERROR(HLOOKUP($J$1,[1]DB!$C$1:$K$172,12,FALSE),"") -> 18 | E12: =SUMIFS('[1]Rincian Keluar'!$G:$G,'[1]Rincian Keluar'!$E:$E,'PELANGI 01'!C12,'[1]Rincian Keluar'!$D:$D,'PELANGI 01'!$D$1,'[1]Rincian Keluar'!$H:$H,'PELANGI 01'!$J$1,'[1]Rincian Keluar'!$F:$F,'PELANGI 01'!M12) -> 16 | F12: 150000 | G12: =E12*F12 -> 2400000 | M12: =$C$6 -> PONDASI
B13: 7 | C13: Batu | D13: =IFERROR(HLOOKUP($J$1,[1]DB!$C$1:$K$172,13,FALSE),"") -> 3 | E13: =SUMIFS('[1]Rincian Keluar'!$G:$G,'[1]Rincian Keluar'!$E:$E,'PELANGI 01'!C13,'[1]Rincian Keluar'!$D:$D,'PELANGI 01'!$D$1,'[1]Rincian Keluar'!$H:$H,'PELANGI 01'!$J$1,'[1]Rincian Keluar'!$F:$F,'PELANGI 01'!M13) -> 1.5 | F13: 500000 | G13: =E13*F13 -> 750000 | M13: =$C$6 -> PONDASI
B14: 8 | C14: Semen PCC 40 Kg Tiga Roda | D14: =IFERROR(HLOOKUP($J$1,[1]DB!$C$1:$K$172,14,FALSE),"") -> 54 | E14: =SUMIFS('[1]Rincian Keluar'!$G:$G,'[1]Rincian Keluar'!$E:$E,'PELANGI 01'!C14,'[1]Rincian Keluar'!$D:$D,'PELANGI 01'!$D$1,'[1]Rincian Keluar'!$H:$H,'PELANGI 01'!$J$1,'[1]Rincian Keluar'!$F:$F,'PELANGI 01'!M14) -> 56 | F14: 60700 | G14: =E14*F14 -> 3399200 | M14: =$C$6 -> PONDASI
B15: B | C15: URUG
B16: 1 | C16: Pasir | D16: =IFERROR(HLOOKUP($J$1,[1]DB!$C$1:$K$172,16,FALSE),"") -> 45 | E16: =SUMIFS('[1]Rincian Keluar'!$G:$G,'[1]Rincian Keluar'!$E:$E,'PELANGI 01'!C16,'[1]Rincian Keluar'!$D:$D,'PELANGI 01'!$D$1,'[1]Rincian Keluar'!$H:$H,'PELANGI 01'!$J$1,'[1]Rincian Keluar'!$F:$F,'PELANGI 01'!M16) -> 0 | F16: 150000 | G16: =E16*F16 -> 0 | H16: 1218000 | I16: =IFERROR(VLOOKUP($C15,[1]HK!$B$5:$C$14,2,FALSE),"")*$J1 -> 1169000 | J16: =I16-H16 -> -49000 | K16: 1 | M16: =$C$15 -> URUG
B17: 2 | C17: Pipa 4" | D17: =IFERROR(HLOOKUP($J$1,[1]DB!$C$1:$K$172,17,FALSE),"") -> 2 | E17: =SUMIFS('[1]Rincian Keluar'!$G:$G,'[1]Rincian Keluar'!$E:$E,'PELANGI 01'!C17,'[1]Rincian Keluar'!$D:$D,'PELANGI 01'!$D$1,'[1]Rincian Keluar'!$H:$H,'PELANGI 01'!$J$1,'[1]Rincian Keluar'!$F:$F,'PELANGI 01'!M17) -> 4 | F17: 133500 | G17: =E17*F17 -> 534000 | M17: =$C$15 -> URUG
B18: 3 | C18: Pipa 2" | D18: =IFERROR(HLOOKUP($J$1,[1]DB!$C$1:$K$172,18,FALSE),"") -> 2 | E18: =SUMIFS('[1]Rincian Keluar'!$G:$G,'[1]Rincian Keluar'!$E:$E,'PELANGI 01'!C18,'[1]Rincian Keluar'!$D:$D,'PELANGI 01'!$D$1,'[1]Rincian Keluar'!$H:$H,'PELANGI 01'!$J$1,'[1]Rincian Keluar'!$F:$F,'PELANGI 01'!M18) -> 4 | F18: 48000 | G18: =E18*F18 -> 192000 | M18: =$C$15 -> URUG
B19: C | C19: COR LANTAI
B20: 1 | C20: Besi ø6 | D20: =IFERROR(HLOOKUP($J$1,[1]DB!$C$1:$K$172,20,FALSE),"") -> 22 | E20: =SUMIFS('[1]Rincian Keluar'!$G:$G,'[1]Rincian Keluar'!$E:$E,'PELANGI 01'!C20,'[1]Rincian Keluar'!$D:$D,'PELANGI 01'!$D$1,'[1]Rincian Keluar'!$H:$H,'PELANGI 01'!$J$1,'[1]Rincian Keluar'!$F:$F,'PELANGI 01'!M20) -> 0 | F20: 22000 | G20: =E20*F20 -> 0 | H20: 630000 | I20: =IFERROR(VLOOKUP($C19,[1]HK!$B$5:$C$14,2,FALSE),"")*$J1 -> 700000 | J20: =I20-H20 -> 70000 | K20: 1 | M20: =$C$19 -> COR LANTAI
B21: 2 | C21: Pasir | D21: =IFERROR(HLOOKUP($J$1,[1]DB!$C$1:$K$172,21,FALSE),"") -> 7 | E21: =SUMIFS('[1]Rincian Keluar'!$G:$G,'[1]Rincian Keluar'!$E:$E,'PELANGI 01'!C21,'[1]Rincian Keluar'!$D:$D,'PELANGI 01'!$D$1,'[1]Rincian Keluar'!$H:$H,'PELANGI 01'!$J$1,'[1]Rincian Keluar'!$F:$F,'PELANGI 01'!M21) -> 0 | F21: 150000 | G21: =E21*F21 -> 0 | M21: =$C$19 -> COR LANTAI
B22: 3 | C22: Semen PCC 40 Kg Tiga Roda | D22: =IFERROR(HLOOKUP($J$1,[1]DB!$C$1:$K$172,22,FALSE),"") -> 20 | E22: =SUMIFS('[1]Rincian Keluar'!$G:$G,'[1]Rincian Keluar'!$E:$E,'PELANGI 01'!C22,'[1]Rincian Keluar'!$D:$D,'PELANGI 01'!$D$1,'[1]Rincian Keluar'!$H:$H,'PELANGI 01'!$J$1,'[1]Rincian Keluar'!$F:$F,'PELANGI 01'!M22) -> 16 | F22: 60700 | G22: =E22*F22 -> 971200 | M22: =$C$19 -> COR LANTAI
B23: 4 | C23: Plastik cor | D23: =IFERROR(HLOOKUP($J$1,[1]DB!$C$1:$K$172,23,FALSE),"") -> 9 | E23: =SUMIFS('[1]Rincian Keluar'!$G:$G,'[1]Rincian Keluar'!$E:$E,'PELANGI 01'!C23,'[1]Rincian Keluar'!$D:$D,'PELANGI 01'!$D$1,'[1]Rincian Keluar'!$H:$H,'PELANGI 01'!$J$1,'[1]Rincian Keluar'!$F:$F,'PELANGI 01'!M23) -> 13 | F23: 15000 | G23: =E23*F23 -> 195000 | M23: =$C$19 -> COR LANTAI
B24: D | C24: PINTU
B25: 1 | C25: Pintu Kayu 120 x 220 | D25: =IFERROR(HLOOKUP($J$1,[1]DB!$C$1:$K$172,25,FALSE),"") -> 1 | E25: =SUMIFS('[1]Rincian Keluar'!$G:$G,'[1]Rincian Keluar'!$E:$E,'PELANGI 01'!C25,'[1]Rincian Keluar'!$D:$D,'PELANGI 01'!$D$1,'[1]Rincian Keluar'!$H:$H,'PELANGI 01'!$J$1,'[1]Rincian Keluar'!$F:$F,'PELANGI 01'!M25) -> 0 | F25: 1550000 | G25: =E25*F25 -> 0 | I25: =IFERROR(VLOOKUP($C24,[1]HK!$B$5:$C$14,2,FALSE),"")*$J1 -> #VALUE! | M25: =$C$24 -> PINTU
B26: 2 | C26: Pintu Kayu 80 x 220 | D26: =IFERROR(HLOOKUP($J$1,[1]DB!$C$1:$K$172,26,FALSE),"") -> 3 | E26: =SUMIFS('[1]Rincian Keluar'!$G:$G,'[1]Rincian Keluar'!$E:$E,'PELANGI 01'!C26,'[1]Rincian Keluar'!$D:$D,'PELANGI 01'!$D$1,'[1]Rincian Keluar'!$H:$H,'PELANGI 01'!$J$1,'[1]Rincian Keluar'!$F:$F,'PELANGI 01'!M26) -> 0 | F26: 775000 | G26: =E26*F26 -> 0 | M26: =$C$24 -> PINTU
B27: 3 | C27: Pintu WC PVC Biru | D27: =IFERROR(HLOOKUP($J$1,[1]DB!$C$1:$K$172,27,FALSE),"") -> 2 | E27: =SUMIFS('[1]Rincian Keluar'!$G:$G,'[1]Rincian Keluar'!$E:$E,'PELANGI 01'!C27,'[1]Rincian Keluar'!$D:$D,'PELANGI 01'!$D$1,'[1]Rincian Keluar'!$H:$H,'PELANGI 01'!$J$1,'[1]Rincian Keluar'!$F:$F,'PELANGI 01'!M27) -> 0 | F27: 260000 | G27: =E27*F27 -> 0 | M27: =$C$24 -> PINTU
B28: 4 | C28: Pintu WC Edenjoice Putih | D28: =IFERROR(HLOOKUP($J$1,[1]DB!$C$1:$K$172,28,FALSE),"") -> 1 | E28: =SUMIFS('[1]Rincian Keluar'!$G:$G,'[1]Rincian Keluar'!$E:$E,'PELANGI 01'!C28,'[1]Rincian Keluar'!$D:$D,'PELANGI 01'!$D$1,'[1]Rincian Keluar'!$H:$H,'PELANGI 01'!$J$1,'[1]Rincian Keluar'!$F:$F,'PELANGI 01'!M28) -> 0 | F28: 799000 | G28: =E28*F28 -> 0 | M28: =$C$24 -> PINTU
B29: 5 | C29: Engsel Pintu 4" | D29: =IFERROR(HLOOKUP($J$1,[1]DB!$C$1:$K$172,29,FALSE),"") -> 15 | E29: =SUMIFS('[1]Rincian Keluar'!$G:$G,'[1]Rincian Keluar'!$E:$E,'PELANGI 01'!C29,'[1]Rincian Keluar'!$D:$D,'PELANGI 01'!$D$1,'[1]Rincian Keluar'!$H:$H,'PELANGI 01'!$J$1,'[1]Rincian Keluar'!$F:$F,'PELANGI 01'!M29) -> 0 | F29: 15000 | G29: =E29*F29 -> 0 | M29: =$C$24 -> PINTU
B30: 6 | C30: Peganggan pintu 2 daun | D30: =IFERROR(HLOOKUP($J$1,[1]DB!$C$1:$K$172,30,FALSE),"") -> 2 | E30: =SUMIFS('[1]Rincian Keluar'!$G:$G,'[1]Rincian Keluar'!$E:$E,'PELANGI 01'!C30,'[1]Rincian Keluar'!$D:$D,'PELANGI 01'!$D$1,'[1]Rincian Keluar'!$H:$H,'PELANGI 01'!$J$1,'[1]Rincian Keluar'!$F:$F,'PELANGI 01'!M30) -> 0 | F30: 100000 | G30: =E30*F30 -> 0 | M30: =$C$24 -> PINTU
B31: 7 | C31: Pengunci Pintu 2 daun | D31: =IFERROR(HLOOKUP($J$1,[1]DB!$C$1:$K$172,31,FALSE),"") -> 1 | E31: =SUMIFS('[1]Rincian Keluar'!$G:$G,'[1]Rincian Keluar'!$E:$E,'PELANGI 01'!C31,'[1]Rincian Keluar'!$D:$D,'PELANGI 01'!$D$1,'[1]Rincian Keluar'!$H:$H,'PELANGI 01'!$J$1,'[1]Rincian Keluar'!$F:$F,'PELANGI 01'!M31) -> 0 | F31: 60000 | G31: =E31*F31 -> 0 | M31: =$C$24 -> PINTU
B32: 8 | C32: Pegangan kunci 1 daun | D32: =IFERROR(HLOOKUP($J$1,[1]DB!$C$1:$K$172,32,FALSE),"") -> 3 | E32: =SUMIFS('[1]Rincian Keluar'!$G:$G,'[1]Rincian Keluar'!$E:$E,'PELANGI 01'!C32,'[1]Rincian Keluar'!$D:$D,'PELANGI 01'!$D$1,'[1]Rincian Keluar'!$H:$H,'PELANGI 01'!$J$1,'[1]Rincian Keluar'!$F:$F,'PELANGI 01'!M32) -> 0 | F32: 65000 | G32: =E32*F32 -> 0 | M32: =$C$24 -> PINTU
B33: 9 | C33: Avian | D33: =IFERROR(HLOOKUP($J$1,[1]DB!$C$1:$K$172,33,FALSE),"") -> 4 | E33: =SUMIFS('[1]Rincian Keluar'!$G:$G,'[1]Rincian Keluar'!$E:$E,'PELANGI 01'!C33,'[1]Rincian Keluar'!$D:$D,'PELANGI 01'!$D$1,'[1]Rincian Keluar'!$H:$H,'PELANGI 01'!$J$1,'[1]Rincian Keluar'!$F:$F,'PELANGI 01'!M33) -> 0 | F33: 83000 | G33: =E33*F33 -> 0 | M33: =$C$24 -> PINTU
B34: 10 | C34: Tinner Nb Kaleng | D34: =IFERROR(HLOOKUP($J$1,[1]DB!$C$1:$K$172,34,FALSE),"") -> 2 | E34: =SUMIFS('[1]Rincian Keluar'!$G:$G,'[1]Rincian Keluar'!$E:$E,'PELANGI 01'!C34,'[1]Rincian Keluar'!$D:$D,'PELANGI 01'!$D$1,'[1]Rincian Keluar'!$H:$H,'PELANGI 01'!$J$1,'[1]Rincian Keluar'!$F:$F,'PELANGI 01'!M34) -> 0 | F34: 23000 | G34: =E34*F34 -> 0 | M34: =$C$24 -> PINTU
B35: 11 | C35: Slot 6 " | D35: =IFERROR(HLOOKUP($J$1,[1]DB!$C$1:$K$172,35,FALSE),"") -> 1 | E35: =SUMIFS('[1]Rincian Keluar'!$G:$G,'[1]Rincian Keluar'!$E:$E,'PELANGI 01'!C35,'[1]Rincian Keluar'!$D:$D,'PELANGI 01'!$D$1,'[1]Rincian Keluar'!$H:$H,'PELANGI 01'!$J$1,'[1]Rincian Keluar'!$F:$F,'PELANGI 01'!M35) -> 0 | F35: 17000 | G35: =E35*F35 -> 0 | M35: =$C$24 -> PINTU
B36: 12 | C36: Slot 4" | D36: =IFERROR(HLOOKUP($J$1,[1]DB!$C$1:$K$172,36,FALSE),"") -> 1 | E36: =SUMIFS('[1]Rincian Keluar'!$G:$G,'[1]Rincian Keluar'!$E:$E,'PELANGI 01'!C36,'[1]Rincian Keluar'!$D:$D,'PELANGI 01'!$D$1,'[1]Rincian Keluar'!$H:$H,'PELANGI 01'!$J$1,'[1]Rincian Keluar'!$F:$F,'PELANGI 01'!M36) -> 0 | F36: 11000 | G36: =E36*F36 -> 0 | M36: =$C$24 -> PINTU
B37: E | C37: BATA
B38: 1 | C38: Papan | D38: =IFERROR(HLOOKUP($J$1,[1]DB!$C$1:$K$172,38,FALSE),"") -> 34 | E38: =SUMIFS('[1]Rincian Keluar'!$G:$G,'[1]Rincian Keluar'!$E:$E,'PELANGI 01'!C38,'[1]Rincian Keluar'!$D:$D,'PELANGI 01'!$D$1,'[1]Rincian Keluar'!$H:$H,'PELANGI 01'!$J$1,'[1]Rincian Keluar'!$F:$F,'PELANGI 01'!M38) -> 34 | F38: 11000 | G38: =E38*F38 -> 374000 | H38: 1636000 | I38: =IFERROR(VLOOKUP($C37,[1]HK!$B$5:$C$14,2,FALSE),"")*$J1 -> 4865000 | J38: =I38-H38 -> 3229000 | K38: 0.34 | M38: =$C$37 -> BATA
B39: 2 | C39: Kayu 3/5 | D39: =IFERROR(HLOOKUP($J$1,[1]DB!$C$1:$K$172,39,FALSE),"") -> 36 | E39: =SUMIFS('[1]Rincian Keluar'!$G:$G,'[1]Rincian Keluar'!$E:$E,'PELANGI 01'!C39,'[1]Rincian Keluar'!$D:$D,'PELANGI 01'!$D$1,'[1]Rincian Keluar'!$H:$H,'PELANGI 01'!$J$1,'[1]Rincian Keluar'!$F:$F,'PELANGI 01'!M39) -> 36 | F39: 11000 | G39: =E39*F39 -> 396000 | M39: =$C$37 -> BATA
B40: 3 | C40: Besi ø6 | D40: =IFERROR(HLOOKUP($J$1,[1]DB!$C$1:$K$172,40,FALSE),"") -> 7 | E40: =SUMIFS('[1]Rincian Keluar'!$G:$G,'[1]Rincian Keluar'!$E:$E,'PELANGI 01'!C40,'[1]Rincian Keluar'!$D:$D,'PELANGI 01'!$D$1,'[1]Rincian Keluar'!$H:$H,'PELANGI 01'!$J$1,'[1]Rincian Keluar'!$F:$F,'PELANGI 01'!M40) -> 7 | F40: 22000 | G40: =E40*F40 -> 154000 | M40: =$C$37 -> BATA
B41: 4 | C41: Besi ø8 | D41: =IFERROR(HLOOKUP($J$1,[1]DB!$C$1:$K$172,41,FALSE),"") -> 12 | E41: =SUMIFS('[1]Rincian Keluar'!$G:$G,'[1]Rincian Keluar'!$E:$E,'PELANGI 01'!C41,'[1]Rincian Keluar'!$D:$D,'PELANGI 01'!$D$1,'[1]Rincian Keluar'!$H:$H,'PELANGI 01'!$J$1,'[1]Rincian Keluar'!$F:$F,'PELANGI 01'!M41) -> 12 | F41: 35000 | G41: =E41*F41 -> 420000 | M41: =$C$37 -> BATA
B42: 5 | C42: Besi ø6 | D42: =IFERROR(HLOOKUP($J$1,[1]DB!$C$1:$K$172,42,FALSE),"") -> 3 | E42: =SUMIFS('[1]Rincian Keluar'!$G:$G,'[1]Rincian Keluar'!$E:$E,'PELANGI 01'!C42,'[1]Rincian Keluar'!$D:$D,'PELANGI 01'!$D$1,'[1]Rincian Keluar'!$H:$H,'PELANGI 01'!$J$1,'[1]Rincian Keluar'!$F:$F,'PELANGI 01'!M42) -> 3 | F42: =F40 -> 22000 | G42: =E42*F42 -> 66000 | M42: =$C$37 -> BATA
B43: 6 | C43: Kusen Pintu ( 2 Daun ) | D43: =IFERROR(HLOOKUP($J$1,[1]DB!$C$1:$K$172,43,FALSE),"") -> 2 | E43: =SUMIFS('[1]Rincian Keluar'!$G:$G,'[1]Rincian Keluar'!$E:$E,'PELANGI 01'!C43,'[1]Rincian Keluar'!$D:$D,'PELANGI 01'!$D$1,'[1]Rincian Keluar'!$H:$H,'PELANGI 01'!$J$1,'[1]Rincian Keluar'!$F:$F,'PELANGI 01'!M43) -> 1 | F43: 363250 | G43: =E43*F43 -> 363250 | M43: =$C$37 -> BATA
B44: 7 | C44: Kusen Pintu ( 1 Daun ) | D44: =IFERROR(HLOOKUP($J$1,[1]DB!$C$1:$K$172,44,FALSE),"") -> 4 | E44: =SUMIFS('[1]Rincian Keluar'!$G:$G,'[1]Rincian Keluar'!$E:$E,'PELANGI 01'!C44,'[1]Rincian Keluar'!$D:$D,'PELANGI 01'!$D$1,'[1]Rincian Keluar'!$H:$H,'PELANGI 01'!$J$1,'[1]Rincian Keluar'!$F:$F,'PELANGI 01'!M44) -> 4 | F44: 337050 | G44: =E44*F44 -> 1348200 | M44: =$C$37 -> BATA
B45: 8 | C45: Bata | D45: =IFERROR(HLOOKUP($J$1,[1]DB!$C$1:$K$172,45,FALSE),"") -> 3261 | E45: =SUMIFS('[1]Rincian Keluar'!$G:$G,'[1]Rincian Keluar'!$E:$E,'PELANGI 01'!C45,'[1]Rincian Keluar'!$D:$D,'PELANGI 01'!$D$1,'[1]Rincian Keluar'!$H:$H,'PELANGI 01'!$J$1,'[1]Rincian Keluar'!$F:$F,'PELANGI 01'!M45) -> 0 | F45: 1850 | G45: =E45*F45 -> 0 | M45: =$C$37 -> BATA
B46: 9 | C46: Semen PCC 40 Kg Tiga Roda | D46: =IFERROR(HLOOKUP($J$1,[1]DB!$C$1:$K$172,46,FALSE),"") -> 27 | E46: =SUMIFS('[1]Rincian Keluar'!$G:$G,'[1]Rincian Keluar'!$E:$E,'PELANGI 01'!C46,'[1]Rincian Keluar'!$D:$D,'PELANGI 01'!$D$1,'[1]Rincian Keluar'!$H:$H,'PELANGI 01'!$J$1,'[1]Rincian Keluar'!$F:$F,'PELANGI 01'!M46) -> 11 | F46: 60700 | G46: =E46*F46 -> 667700 | M46: =$C$37 -> BATA
B47: 10 | C47: Pasir | D47: =IFERROR(HLOOKUP($J$1,[1]DB!$C$1:$K$172,47,FALSE),"") -> 7 | E47: =SUMIFS('[1]Rincian Keluar'!$G:$G,'[1]Rincian Keluar'!$E:$E,'PELANGI 01'!C47,'[1]Rincian Keluar'!$D:$D,'PELANGI 01'!$D$1,'[1]Rincian Keluar'!$H:$H,'PELANGI 01'!$J$1,'[1]Rincian Keluar'!$F:$F,'PELANGI 01'!M47) -> 2 | F47: 150000 | G47: =E47*F47 -> 300000 | M47: =$C$37 -> BATA
B48: 11 | C48: Besi ø6 | D48: =IFERROR(HLOOKUP($J$1,[1]DB!$C$1:$K$172,48,FALSE),"") -> 7 | E48: =SUMIFS('[1]Rincian Keluar'!$G:$G,'[1]Rincian Keluar'!$E:$E,'PELANGI 01'!C48,'[1]Rincian Keluar'!$D:$D,'PELANGI 01'!$D$1,'[1]Rincian Keluar'!$H:$H,'PELANGI 01'!$J$1,'[1]Rincian Keluar'!$F:$F,'PELANGI 01'!M48) -> 7 | F48: =F7 -> 21500 | G48: =E48*F48 -> 150500 | M48: =$C$37 -> BATA
B49: F | C49: Cor Tiang Depan | M49: =$C$37 -> BATA
B50: 1 | C50: Semen PCC 40 Kg Tiga Roda | D50: =IFERROR(HLOOKUP($J$1,[1]DB!$C$1:$K$172,50,FALSE),"") -> 7 | E50: =SUMIFS('[1]Rincian Keluar'!$G:$G,'[1]Rincian Keluar'!$E:$E,'PELANGI 01'!C50,'[1]Rincian Keluar'!$D:$D,'PELANGI 01'!$D$1,'[1]Rincian Keluar'!$H:$H,'PELANGI 01'!$J$1,'[1]Rincian Keluar'!$F:$F,'PELANGI 01'!M50) -> 11 | F50: 60700 | G50: =E50*F50 -> 667700 | M50: =$C$37 -> BATA
B51: 2 | C51: Pasir | D51: =IFERROR(HLOOKUP($J$1,[1]DB!$C$1:$K$172,51,FALSE),"") -> 2 | E51: =SUMIFS('[1]Rincian Keluar'!$G:$G,'[1]Rincian Keluar'!$E:$E,'PELANGI 01'!C51,'[1]Rincian Keluar'!$D:$D,'PELANGI 01'!$D$1,'[1]Rincian Keluar'!$H:$H,'PELANGI 01'!$J$1,'[1]Rincian Keluar'!$F:$F,'PELANGI 01'!M51) -> 2 | F51: 150000 | G51: =E51*F51 -> 300000 | M51: =$C$37 -> BATA
B52: 3 | C52: Batu | D52: =IFERROR(HLOOKUP($J$1,[1]DB!$C$1:$K$172,52,FALSE),"") -> 3 | E52: =SUMIFS('[1]Rincian Keluar'!$G:$G,'[1]Rincian Keluar'!$E:$E,'PELANGI 01'!C52,'[1]Rincian Keluar'!$D:$D,'PELANGI 01'!$D$1,'[1]Rincian Keluar'!$H:$H,'PELANGI 01'!$J$1,'[1]Rincian Keluar'!$F:$F,'PELANGI 01'!M52) -> 0 | G52: =E52*F52 -> 0 | M52: =$C$37 -> BATA
B53: 4 | C53: Besi ø6 | D53: =IFERROR(HLOOKUP($J$1,[1]DB!$C$1:$K$172,53,FALSE),"") -> 4 | E53: =SUMIFS('[1]Rincian Keluar'!$G:$G,'[1]Rincian Keluar'!$E:$E,'PELANGI 01'!C53,'[1]Rincian Keluar'!$D:$D,'PELANGI 01'!$D$1,'[1]Rincian Keluar'!$H:$H,'PELANGI 01'!$J$1,'[1]Rincian Keluar'!$F:$F,'PELANGI 01'!M53) -> 3 | F53: 22000 | G53: =E53*F53 -> 66000 | M53: =$C$37 -> BATA
B54: 5 | C54: Besi ø8 | D54: =IFERROR(HLOOKUP($J$1,[1]DB!$C$1:$K$172,54,FALSE),"") -> 6 | E54: =SUMIFS('[1]Rincian Keluar'!$G:$G,'[1]Rincian Keluar'!$E:$E,'PELANGI 01'!C54,'[1]Rincian Keluar'!$D:$D,'PELANGI 01'!$D$1,'[1]Rincian Keluar'!$H:$H,'PELANGI 01'!$J$1,'[1]Rincian Keluar'!$F:$F,'PELANGI 01'!M54) -> 0 | F54: 35000 | G54: =E54*F54 -> 0 | M54: =$C$37 -> BATA
B55: 6 | C55: Multiplek | D55: =IFERROR(HLOOKUP($J$1,[1]DB!$C$1:$K$172,55,FALSE),"") -> 2 | E55: =SUMIFS('[1]Rincian Keluar'!$G:$G,'[1]Rincian Keluar'!$E:$E,'PELANGI 01'!C55,'[1]Rincian Keluar'!$D:$D,'PELANGI 01'!$D$1,'[1]Rincian Keluar'!$H:$H,'PELANGI 01'!$J$1,'[1]Rincian Keluar'!$F:$F,'PELANGI 01'!M55) -> 0 | F55: 130000 | G55: =E55*F55 -> 0 | M55: =$C$37 -> BATA
B56: 7 | C56: Kayu 3/5 | D56: =IFERROR(HLOOKUP($J$1,[1]DB!$C$1:$K$172,56,FALSE),"") -> 28 | E56: =SUMIFS('[1]Rincian Keluar'!$G:$G,'[1]Rincian Keluar'!$E:$E,'PELANGI 01'!C56,'[1]Rincian Keluar'!$D:$D,'PELANGI 01'!$D$1,'[1]Rincian Keluar'!$H:$H,'PELANGI 01'!$J$1,'[1]Rincian Keluar'!$F:$F,'PELANGI 01'!M56) -> 36 | F56: 11000 | G56: =E56*F56 -> 396000 | M56: =$C$37 -> BATA
B57: 8 | C57: Bata | D57: =IFERROR(HLOOKUP($J$1,[1]DB!$C$1:$K$172,57,FALSE),"") -> 104 | E57: =SUMIFS('[1]Rincian Keluar'!$G:$G,'[1]Rincian Keluar'!$E:$E,'PELANGI 01'!C57,'[1]Rincian Keluar'!$D:$D,'PELANGI 01'!$D$1,'[1]Rincian Keluar'!$H:$H,'PELANGI 01'!$J$1,'[1]Rincian Keluar'!$F:$F,'PELANGI 01'!M57) -> 0 | F57: 1850 | G57: =E57*F57 -> 0 | M57: =$C$37 -> BATA
B58: 9 | C58: Cerucuk | D58: =IFERROR(HLOOKUP($J$1,[1]DB!$C$1:$K$172,58,FALSE),"") -> 11 | E58: =SUMIFS('[1]Rincian Keluar'!$G:$G,'[1]Rincian Keluar'!$E:$E,'PELANGI 01'!C58,'[1]Rincian Keluar'!$D:$D,'PELANGI 01'!$D$1,'[1]Rincian Keluar'!$H:$H,'PELANGI 01'!$J$1,'[1]Rincian Keluar'!$F:$F,'PELANGI 01'!M58) -> 0 | F58: 8000 | G58: =E58*F58 -> 0 | M58: =$C$37 -> BATA
B59: 10 | C59: Papan Mal | D59: =IFERROR(HLOOKUP($J$1,[1]DB!$C$1:$K$172,59,FALSE),"") -> 9 | E59: =SUMIFS('[1]Rincian Keluar'!$G:$G,'[1]Rincian Keluar'!$E:$E,'PELANGI 01'!C59,'[1]Rincian Keluar'!$D:$D,'PELANGI 01'!$D$1,'[1]Rincian Keluar'!$H:$H,'PELANGI 01'!$J$1,'[1]Rincian Keluar'!$F:$F,'PELANGI 01'!M59) -> 0 | F59: 11000 | G59: =E59*F59 -> 0 | M59: =$C$37 -> BATA
B60: G | C60: PLASTER
B61: 1 | C61: Semen PCC 40 Kg Tiga Roda | D61: =IFERROR(HLOOKUP($J$1,[1]DB!$C$1:$K$172,61,FALSE),"") -> 49 | E61: =SUMIFS('[1]Rincian Keluar'!$G:$G,'[1]Rincian Keluar'!$E:$E,'PELANGI 01'!C61,'[1]Rincian Keluar'!$D:$D,'PELANGI 01'!$D$1,'[1]Rincian Keluar'!$H:$H,'PELANGI 01'!$J$1,'[1]Rincian Keluar'!$F:$F,'PELANGI 01'!M61) -> 0 | F61: 60700 | G61: =E61*F61 -> 0 | I61: =IFERROR(VLOOKUP($C60,[1]HK!$B$5:$C$14,2,FALSE),"")*$J1 -> 4375000 | J61: =E61*F61 -> 0 | K61: 0.68 | M61: =$C$60 -> PLASTER
B62: 2 | C62: Pasir | D62: =IFERROR(HLOOKUP($J$1,[1]DB!$C$1:$K$172,62,FALSE),"") -> 11 | E62: =SUMIFS('[1]Rincian Keluar'!$G:$G,'[1]Rincian Keluar'!$E:$E,'PELANGI 01'!C62,'[1]Rincian Keluar'!$D:$D,'PELANGI 01'!$D$1,'[1]Rincian Keluar'!$H:$H,'PELANGI 01'!$J$1,'[1]Rincian Keluar'!$F:$F,'PELANGI 01'!M62) -> 0 | F62: 150000 | G62: =E62*F62 -> 0 | M62: =$C$60 -> PLASTER
B63: 3 | C63: Pipa 5/8 | D63: =IFERROR(HLOOKUP($J$1,[1]DB!$C$1:$K$172,63,FALSE),"") -> 9 | E63: =SUMIFS('[1]Rincian Keluar'!$G:$G,'[1]Rincian Keluar'!$E:$E,'PELANGI 01'!C63,'[1]Rincian Keluar'!$D:$D,'PELANGI 01'!$D$1,'[1]Rincian Keluar'!$H:$H,'PELANGI 01'!$J$1,'[1]Rincian Keluar'!$F:$F,'PELANGI 01'!M63) -> 0 | F63: 8600 | G63: =E63*F63 -> 0 | M63: =$C$60 -> PLASTER
B64: H | C64: ATAP
B65: 1 | C65: Kayu 3/5 | D65: =IFERROR(HLOOKUP($J$1,[1]DB!$C$1:$K$172,65,FALSE),"") -> 84 | E65: =SUMIFS('[1]Rincian Keluar'!$G:$G,'[1]Rincian Keluar'!$E:$E,'PELANGI 01'!C65,'[1]Rincian Keluar'!$D:$D,'PELANGI 01'!$D$1,'[1]Rincian Keluar'!$H:$H,'PELANGI 01'!$J$1,'[1]Rincian Keluar'!$F:$F,'PELANGI 01'!M65) -> 0 | F65: 11000 | G65: =E65*F65 -> 0 | I65: =IFERROR(VLOOKUP($C64,[1]HK!$B$5:$C$14,2,FALSE),"")*$J1 -> 2338000 | M65: =$C$64 -> ATAP
B66: 2 | C66: Kayu 4/6 | D66: =IFERROR(HLOOKUP($J$1,[1]DB!$C$1:$K$172,66,FALSE),"") -> 56 | E66: =SUMIFS('[1]Rincian Keluar'!$G:$G,'[1]Rincian Keluar'!$E:$E,'PELANGI 01'!C66,'[1]Rincian Keluar'!$D:$D,'PELANGI 01'!$D$1,'[1]Rincian Keluar'!$H:$H,'PELANGI 01'!$J$1,'[1]Rincian Keluar'!$F:$F,'PELANGI 01'!M66) -> 0 | F66: 15000 | G66: =E66*F66 -> 0 | M66: =$C$64 -> ATAP
B67: 3 | C67: Kayu 5/7 | D67: =IFERROR(HLOOKUP($J$1,[1]DB!$C$1:$K$172,67,FALSE),"") -> 41 | E67: =SUMIFS('[1]Rincian Keluar'!$G:$G,'[1]Rincian Keluar'!$E:$E,'PELANGI 01'!C67,'[1]Rincian Keluar'!$D:$D,'PELANGI 01'!$D$1,'[1]Rincian Keluar'!$H:$H,'PELANGI 01'!$J$1,'[1]Rincian Keluar'!$F:$F,'PELANGI 01'!M67) -> 0 | F67: 30000 | G67: =E67*F67 -> 0 | M67: =$C$64 -> ATAP
B68: 4 | C68: Lisplank | D68: =IFERROR(HLOOKUP($J$1,[1]DB!$C$1:$K$172,68,FALSE),"") -> 13 | E68: =SUMIFS('[1]Rincian Keluar'!$G:$G,'[1]Rincian Keluar'!$E:$E,'PELANGI 01'!C68,'[1]Rincian Keluar'!$D:$D,'PELANGI 01'!$D$1,'[1]Rincian Keluar'!$H:$H,'PELANGI 01'!$J$1,'[1]Rincian Keluar'!$F:$F,'PELANGI 01'!M68) -> 0 | F68: 60000 | G68: =E68*F68 -> 0 | M68: =$C$64 -> ATAP
B69: 5 | C69: Seng Metal 4 Susun (merah) | D69: =IFERROR(HLOOKUP($J$1,[1]DB!$C$1:$K$172,69,FALSE),"") -> 96 | E69: =SUMIFS('[1]Rincian Keluar'!$G:$G,'[1]Rincian Keluar'!$E:$E,'PELANGI 01'!C69,'[1]Rincian Keluar'!$D:$D,'PELANGI 01'!$D$1,'[1]Rincian Keluar'!$H:$H,'PELANGI 01'!$J$1,'[1]Rincian Keluar'!$F:$F,'PELANGI 01'!M69) -> 0 | F69: 52000 | G69: =E69*F69 -> 0 | M69: =$C$64 -> ATAP
B70: 6 | C70: Seng Metal 2 Susun (hitam) | D70: =IFERROR(HLOOKUP($J$1,[1]DB!$C$1:$K$172,70,FALSE),"") -> 0 | E70: =SUMIFS('[1]Rincian Keluar'!$G:$G,'[1]Rincian Keluar'!$E:$E,'PELANGI 01'!C70,'[1]Rincian Keluar'!$D:$D,'PELANGI 01'!$D$1,'[1]Rincian Keluar'!$H:$H,'PELANGI 01'!$J$1,'[1]Rincian Keluar'!$F:$F,'PELANGI 01'!M70) -> 0 | F70: 36000 | G70: =E70*F70 -> 0 | M70: =$C$64 -> ATAP
B71: 7 | C71: Perabung Hitam | D71: =IFERROR(HLOOKUP($J$1,[1]DB!$C$1:$K$172,71,FALSE),"") -> 0 | E71: =SUMIFS('[1]Rincian Keluar'!$G:$G,'[1]Rincian Keluar'!$E:$E,'PELANGI 01'!C71,'[1]Rincian Keluar'!$D:$D,'PELANGI 01'!$D$1,'[1]Rincian Keluar'!$H:$H,'PELANGI 01'!$J$1,'[1]Rincian Keluar'!$F:$F,'PELANGI 01'!M71) -> 0 | F71: 50000 | G71: =E71*F71 -> 0 | M71: =$C$64 -> ATAP
B72: 8 | C72: Perabung Merah | D72: =IFERROR(HLOOKUP($J$1,[1]DB!$C$1:$K$172,72,FALSE),"") -> 1.5 | E72: =SUMIFS('[1]Rincian Keluar'!$G:$G,'[1]Rincian Keluar'!$E:$E,'PELANGI 01'!C72,'[1]Rincian Keluar'!$D:$D,'PELANGI 01'!$D$1,'[1]Rincian Keluar'!$H:$H,'PELANGI 01'!$J$1,'[1]Rincian Keluar'!$F:$F,'PELANGI 01'!M72) -> 0 | F72: 650000 | G72: =E72*F72 -> 0 | M72: =$C$64 -> ATAP
B73: 9 | C73: Paku 2 inch | D73: =IFERROR(HLOOKUP($J$1,[1]DB!$C$1:$K$172,73,FALSE),"") -> 2 | E73: =SUMIFS('[1]Rincian Keluar'!$G:$G,'[1]Rincian Keluar'!$E:$E,'PELANGI 01'!C73,'[1]Rincian Keluar'!$D:$D,'PELANGI 01'!$D$1,'[1]Rincian Keluar'!$H:$H,'PELANGI 01'!$J$1,'[1]Rincian Keluar'!$F:$F,'PELANGI 01'!M73) -> 0 | F73: 130000 | G73: =E73*F73 -> 0 | M73: =$C$64 -> ATAP
B74: 10 | C74: Paku 3 inch | D74: =IFERROR(HLOOKUP($J$1,[1]DB!$C$1:$K$172,74,FALSE),"") -> 2 | E74: =SUMIFS('[1]Rincian Keluar'!$G:$G,'[1]Rincian Keluar'!$E:$E,'PELANGI 01'!C74,'[1]Rincian Keluar'!$D:$D,'PELANGI 01'!$D$1,'[1]Rincian Keluar'!$H:$H,'PELANGI 01'!$J$1,'[1]Rincian Keluar'!$F:$F,'PELANGI 01'!M74) -> 0 | F74: 130000 | G74: =E74*F74 -> 0 | M74: =$C$64 -> ATAP
B75: I | C75: DEK
B76: 1 | C76: Kayu 3/5 | D76: =IFERROR(HLOOKUP($J$1,[1]DB!$C$1:$K$172,76,FALSE),"") -> 121 | E76: =SUMIFS('[1]Rincian Keluar'!$G:$G,'[1]Rincian Keluar'!$E:$E,'PELANGI 01'!C76,'[1]Rincian Keluar'!$D:$D,'PELANGI 01'!$D$1,'[1]Rincian Keluar'!$H:$H,'PELANGI 01'!$J$1,'[1]Rincian Keluar'!$F:$F,'PELANGI 01'!M76) -> 0 | F76: 11000 | G76: =E76*F76 -> 0 | I76: =IFERROR(VLOOKUP($C75,[1]HK!$B$5:$C$14,2,FALSE),"")*$J1 -> 1365000 | M76: =$C$75 -> DEK
B77: 2 | C77: Gypsum | D77: =IFERROR(HLOOKUP($J$1,[1]DB!$C$1:$K$172,77,FALSE),"") -> 32 | E77: =SUMIFS('[1]Rincian Keluar'!$G:$G,'[1]Rincian Keluar'!$E:$E,'PELANGI 01'!C77,'[1]Rincian Keluar'!$D:$D,'PELANGI 01'!$D$1,'[1]Rincian Keluar'!$H:$H,'PELANGI 01'!$J$1,'[1]Rincian Keluar'!$F:$F,'PELANGI 01'!M77) -> 0 | F77: 60000 | G77: =E77*F77 -> 0 | M77: =$C$75 -> DEK
B78: 3 | C78: Baut | D78: =IFERROR(HLOOKUP($J$1,[1]DB!$C$1:$K$172,78,FALSE),"") -> 6 | E78: =SUMIFS('[1]Rincian Keluar'!$G:$G,'[1]Rincian Keluar'!$E:$E,'PELANGI 01'!C78,'[1]Rincian Keluar'!$D:$D,'PELANGI 01'!$D$1,'[1]Rincian Keluar'!$H:$H,'PELANGI 01'!$J$1,'[1]Rincian Keluar'!$F:$F,'PELANGI 01'!M78) -> 0 | F78: 37000 | G78: =E78*F78 -> 0 | M78: =$C$75 -> DEK
B79: 4 | C79: Paku Beton 4 inch | D79: =IFERROR(HLOOKUP($J$1,[1]DB!$C$1:$K$172,79,FALSE),"") -> 2 | E79: =SUMIFS('[1]Rincian Keluar'!$G:$G,'[1]Rincian Keluar'!$E:$E,'PELANGI 01'!C79,'[1]Rincian Keluar'!$D:$D,'PELANGI 01'!$D$1,'[1]Rincian Keluar'!$H:$H,'PELANGI 01'!$J$1,'[1]Rincian Keluar'!$F:$F,'PELANGI 01'!M79) -> 0 | F79: 5000 | G79: =E79*F79 -> 0 | M79: =$C$75 -> DEK
B80: 5 | C80: Paku 3 imch | D80: =IFERROR(HLOOKUP($J$1,[1]DB!$C$1:$K$172,80,FALSE),"") -> 2 | E80: =SUMIFS('[1]Rincian Keluar'!$G:$G,'[1]Rincian Keluar'!$E:$E,'PELANGI 01'!C80,'[1]Rincian Keluar'!$D:$D,'PELANGI 01'!$D$1,'[1]Rincian Keluar'!$H:$H,'PELANGI 01'!$J$1,'[1]Rincian Keluar'!$F:$F,'PELANGI 01'!M80) -> 0 | F80: 130000 | G80: =E80*F80 -> 0 | M80: =$C$75 -> DEK
B81: 6 | C81: paku 2 inch | D81: =IFERROR(HLOOKUP($J$1,[1]DB!$C$1:$K$172,81,FALSE),"") -> 2 | E81: =SUMIFS('[1]Rincian Keluar'!$G:$G,'[1]Rincian Keluar'!$E:$E,'PELANGI 01'!C81,'[1]Rincian Keluar'!$D:$D,'PELANGI 01'!$D$1,'[1]Rincian Keluar'!$H:$H,'PELANGI 01'!$J$1,'[1]Rincian Keluar'!$F:$F,'PELANGI 01'!M81) -> 0 | F81: 130000 | G81: =E81*F81 -> 0 | M81: =$C$75 -> DEK
B82: J | C82: MINIMALIS
B83: 1 | C83: Bata | D83: =IFERROR(HLOOKUP($J$1,[1]DB!$C$1:$K$172,83,FALSE),"") -> 120 | E83: =SUMIFS('[1]Rincian Keluar'!$G:$G,'[1]Rincian Keluar'!$E:$E,'PELANGI 01'!C83,'[1]Rincian Keluar'!$D:$D,'PELANGI 01'!$D$1,'[1]Rincian Keluar'!$H:$H,'PELANGI 01'!$J$1,'[1]Rincian Keluar'!$F:$F,'PELANGI 01'!M83) -> 0 | F83: 1850 | G83: =E83*F83 -> 0 | I83: =IFERROR(VLOOKUP($C82,[1]HK!$B$5:$C$20,2,FALSE),"")*$J1 -> 882000 | M83: =$C$82 -> MINIMALIS
B84: 2 | C84: Pasir | D84: =IFERROR(HLOOKUP($J$1,[1]DB!$C$1:$K$172,84,FALSE),"") -> 3 | E84: =SUMIFS('[1]Rincian Keluar'!$G:$G,'[1]Rincian Keluar'!$E:$E,'PELANGI 01'!C84,'[1]Rincian Keluar'!$D:$D,'PELANGI 01'!$D$1,'[1]Rincian Keluar'!$H:$H,'PELANGI 01'!$J$1,'[1]Rincian Keluar'!$F:$F,'PELANGI 01'!M84) -> 0 | F84: 150000 | G84: =E84*F84 -> 0 | M84: =$C$82 -> MINIMALIS
B85: 3 | C85: Semen PCC 40 Kg Tiga Roda | D85: =IFERROR(HLOOKUP($J$1,[1]DB!$C$1:$K$172,85,FALSE),"") -> 10 | E85: =SUMIFS('[1]Rincian Keluar'!$G:$G,'[1]Rincian Keluar'!$E:$E,'PELANGI 01'!C85,'[1]Rincian Keluar'!$D:$D,'PELANGI 01'!$D$1,'[1]Rincian Keluar'!$H:$H,'PELANGI 01'!$J$1,'[1]Rincian Keluar'!$F:$F,'PELANGI 01'!M85) -> 0 | F85: 60700 | G85: =E85*F85 -> 0 | M85: =$C$82 -> MINIMALIS
B86: 4 | C86: Keramik 60 x 60 Blackmatt | D86: =IFERROR(HLOOKUP($J$1,[1]DB!$C$1:$K$172,86,FALSE),"") -> 7 | E86: =SUMIFS('[1]Rincian Keluar'!$G:$G,'[1]Rincian Keluar'!$E:$E,'PELANGI 01'!C86,'[1]Rincian Keluar'!$D:$D,'PELANGI 01'!$D$1,'[1]Rincian Keluar'!$H:$H,'PELANGI 01'!$J$1,'[1]Rincian Keluar'!$F:$F,'PELANGI 01'!M86) -> 0 | F86: 165000 | G86: =E86*F86 -> 0 | M86: =$C$82 -> MINIMALIS
B87: K | C87: CARPORT
B88: 1 | C88: Semen PCC 40 Kg Tiga Roda | D88: =IFERROR(HLOOKUP($J$1,[1]DB!$C$1:$K$172,88,FALSE),"") -> 22 | E88: =SUMIFS('[1]Rincian Keluar'!$G:$G,'[1]Rincian Keluar'!$E:$E,'PELANGI 01'!C88,'[1]Rincian Keluar'!$D:$D,'PELANGI 01'!$D$1,'[1]Rincian Keluar'!$H:$H,'PELANGI 01'!$J$1,'[1]Rincian Keluar'!$F:$F,'PELANGI 01'!M88) -> 14 | F88: 60700 | G88: =E88*F88 -> 849800 | H88: 765000 | I88: =IFERROR(VLOOKUP($C87,[1]HK!$B$5:$C$20,2,FALSE),"")*$J1 -> 1169000 | J88: =I88-H88 -> 404000 | K88: 1 | M88: =$C$87 -> CARPORT
B89: 2 | C89: Kayu 3/5 | D89: =IFERROR(HLOOKUP($J$1,[1]DB!$C$1:$K$172,89,FALSE),"") -> 8 | E89: =SUMIFS('[1]Rincian Keluar'!$G:$G,'[1]Rincian Keluar'!$E:$E,'PELANGI 01'!C89,'[1]Rincian Keluar'!$D:$D,'PELANGI 01'!$D$1,'[1]Rincian Keluar'!$H:$H,'PELANGI 01'!$J$1,'[1]Rincian Keluar'!$F:$F,'PELANGI 01'!M89) -> 5 | F89: 11000 | G89: =E89*F89 -> 55000 | M89: =$C$87 -> CARPORT
B90: 3 | C90: Cerucuk | D90: =IFERROR(HLOOKUP($J$1,[1]DB!$C$1:$K$172,90,FALSE),"") -> 5 | E90: =SUMIFS('[1]Rincian Keluar'!$G:$G,'[1]Rincian Keluar'!$E:$E,'PELANGI 01'!C90,'[1]Rincian Keluar'!$D:$D,'PELANGI 01'!$D$1,'[1]Rincian Keluar'!$H:$H,'PELANGI 01'!$J$1,'[1]Rincian Keluar'!$F:$F,'PELANGI 01'!M90) -> 5 | F90: 8000 | G90: =E90*F90 -> 40000 | M90: =$C$87 -> CARPORT
B91: 4 | C91: Papan Mal | D91: =IFERROR(HLOOKUP($J$1,[1]DB!$C$1:$K$172,91,FALSE),"") -> 10 | E91: =SUMIFS('[1]Rincian Keluar'!$G:$G,'[1]Rincian Keluar'!$E:$E,'PELANGI 01'!C91,'[1]Rincian Keluar'!$D:$D,'PELANGI 01'!$D$1,'[1]Rincian Keluar'!$H:$H,'PELANGI 01'!$J$1,'[1]Rincian Keluar'!$F:$F,'PELANGI 01'!M91) -> 10 | F91: 11000 | G91: =E91*F91 -> 110000 | M91: =$C$87 -> CARPORT
B92: 5 | C92: Plastik cor | D92: =IFERROR(HLOOKUP($J$1,[1]DB!$C$1:$K$172,92,FALSE),"") -> 7 | E92: =SUMIFS('[1]Rincian Keluar'!$G:$G,'[1]Rincian Keluar'!$E:$E,'PELANGI 01'!C92,'[1]Rincian Keluar'!$D:$D,'PELANGI 01'!$D$1,'[1]Rincian Keluar'!$H:$H,'PELANGI 01'!$J$1,'[1]Rincian Keluar'!$F:$F,'PELANGI 01'!M92) -> 7 | F92: 15000 | G92: =E92*F92 -> 105000 | M92: =$C$87 -> CARPORT
B93: 6 | C93: Besi ø6 | D93: =IFERROR(HLOOKUP($J$1,[1]DB!$C$1:$K$172,93,FALSE),"") -> 2 | E93: =SUMIFS('[1]Rincian Keluar'!$G:$G,'[1]Rincian Keluar'!$E:$E,'PELANGI 01'!C93,'[1]Rincian Keluar'!$D:$D,'PELANGI 01'!$D$1,'[1]Rincian Keluar'!$H:$H,'PELANGI 01'!$J$1,'[1]Rincian Keluar'!$F:$F,'PELANGI 01'!M93) -> 2 | F93: 22000 | G93: =E93*F93 -> 44000 | M93: =$C$87 -> CARPORT
B94: 7 | C94: Besi ø8 | D94: =IFERROR(HLOOKUP($J$1,[1]DB!$C$1:$K$172,94,FALSE),"") -> 15 | E94: =SUMIFS('[1]Rincian Keluar'!$G:$G,'[1]Rincian Keluar'!$E:$E,'PELANGI 01'!C94,'[1]Rincian Keluar'!$D:$D,'PELANGI 01'!$D$1,'[1]Rincian Keluar'!$H:$H,'PELANGI 01'!$J$1,'[1]Rincian Keluar'!$F:$F,'PELANGI 01'!M94) -> 4 | F94: 35000 | G94: =E94*F94 -> 140000 | M94: =$C$87 -> CARPORT
B95: 8 | C95: Batu | D95: =IFERROR(HLOOKUP($J$1,[1]DB!$C$1:$K$172,95,FALSE),"") -> 1 | E95: =SUMIFS('[1]Rincian Keluar'!$G:$G,'[1]Rincian Keluar'!$E:$E,'PELANGI 01'!C95,'[1]Rincian Keluar'!$D:$D,'PELANGI 01'!$D$1,'[1]Rincian Keluar'!$H:$H,'PELANGI 01'!$J$1,'[1]Rincian Keluar'!$F:$F,'PELANGI 01'!M95) -> 0.5 | F95: 500000 | G95: =E95*F95 -> 250000 | M95: =$C$87 -> CARPORT
B96: 9 | C96: Pasir | D96: =IFERROR(HLOOKUP($J$1,[1]DB!$C$1:$K$172,96,FALSE),"") -> 6 | E96: =SUMIFS('[1]Rincian Keluar'!$G:$G,'[1]Rincian Keluar'!$E:$E,'PELANGI 01'!C96,'[1]Rincian Keluar'!$D:$D,'PELANGI 01'!$D$1,'[1]Rincian Keluar'!$H:$H,'PELANGI 01'!$J$1,'[1]Rincian Keluar'!$F:$F,'PELANGI 01'!M96) -> 6 | F96: 150000 | G96: =E96*F96 -> 900000 | M96: =$C$87 -> CARPORT
B97: 10 | C97: Keramik 60 x 60 Blackmatt | D97: =IFERROR(HLOOKUP($J$1,[1]DB!$C$1:$K$172,97,FALSE),"") -> 31 | E97: =SUMIFS('[1]Rincian Keluar'!$G:$G,'[1]Rincian Keluar'!$E:$E,'PELANGI 01'!C97,'[1]Rincian Keluar'!$D:$D,'PELANGI 01'!$D$1,'[1]Rincian Keluar'!$H:$H,'PELANGI 01'!$J$1,'[1]Rincian Keluar'!$F:$F,'PELANGI 01'!M97) -> 0 | F97: 165000 | G97: =E97*F97 -> 0
B98: L | C98: KERAMIK
B99: 1 | C99: Keramik 60 x 60 Cream | D99: =IFERROR(HLOOKUP($J$1,[1]DB!$C$1:$K$172,99,FALSE),"") -> 45 | E99: =SUMIFS('[1]Rincian Keluar'!$G:$G,'[1]Rincian Keluar'!$E:$E,'PELANGI 01'!C99,'[1]Rincian Keluar'!$D:$D,'PELANGI 01'!$D$1,'[1]Rincian Keluar'!$H:$H,'PELANGI 01'!$J$1,'[1]Rincian Keluar'!$F:$F,'PELANGI 01'!M99) -> 0 | F99: 118000 | G99: =E99*F99 -> 0 | I99: =IFERROR(VLOOKUP($C98,[1]HK!$B$5:$C$20,2,FALSE),"")*$J1 -> 1946000 | M99: =$C$98 -> KERAMIK
